id,price_prediction
23285,inf
23286,inf
23287,inf
23288,inf
23289,inf
23290,inf
23291,inf
23292,inf
23293,inf
23294,inf
23295,inf
23296,inf
23297,inf
23298,inf
23299,inf
23300,inf
23301,inf
23302,inf
23303,inf
23304,inf
23305,inf
23306,inf
23307,inf
23308,inf
23309,inf
23310,inf
23311,inf
23312,inf
23313,inf
23314,inf
23315,inf
23316,inf
23317,inf
23318,inf
23319,inf
23320,inf
23321,inf
23322,inf
23323,inf
23324,inf
23325,inf
23326,inf
23327,inf
23328,inf
23329,inf
23330,inf
23331,inf
23332,inf
23333,inf
23334,inf
23335,inf
23336,inf
23337,inf
23338,inf
23339,inf
23340,inf
23341,inf
23342,inf
23343,inf
23344,inf
23345,inf
23346,inf
23347,inf
23348,inf
23349,inf
23350,inf
23351,inf
23352,inf
23353,inf
23354,inf
23355,inf
23356,inf
23357,inf
23358,inf
23359,inf
23360,inf
23361,inf
23362,inf
23363,inf
23364,inf
23365,inf
23366,inf
23367,inf
23368,inf
23369,inf
23370,inf
23371,inf
23372,inf
23373,inf
23374,inf
23375,inf
23376,inf
23377,inf
23378,inf
23379,inf
23380,inf
23381,inf
23382,inf
23383,inf
23384,inf
23385,inf
23386,inf
23387,inf
23388,inf
23389,inf
23390,inf
23391,inf
23392,inf
23393,inf
23394,inf
23395,inf
23396,inf
23397,inf
23398,inf
23399,inf
23400,inf
23401,inf
23402,inf
23403,inf
23404,inf
23405,inf
23406,inf
23407,inf
23408,inf
23409,inf
23410,inf
23411,inf
23412,inf
23413,inf
23414,inf
23415,inf
23416,inf
23417,inf
23418,inf
23419,inf
23420,inf
23421,inf
23422,inf
23423,inf
23424,inf
23425,inf
23426,inf
23427,inf
23428,inf
23429,inf
23430,inf
23431,inf
23432,inf
23433,inf
23434,inf
23435,inf
23436,inf
23437,inf
23438,inf
23439,inf
23440,inf
23441,inf
23442,inf
23443,inf
23444,inf
23445,inf
23446,inf
23447,inf
23448,inf
23449,inf
23450,inf
23451,inf
23452,inf
23453,inf
23454,inf
23455,inf
23456,inf
23457,inf
23458,inf
23459,inf
23460,inf
23461,inf
23462,inf
23463,inf
23464,inf
23465,inf
23466,inf
23467,inf
23468,inf
23469,inf
23470,inf
23471,inf
23472,inf
23473,inf
23474,inf
23475,inf
23476,inf
23477,inf
23478,inf
23479,inf
23480,inf
23481,inf
23482,inf
23483,inf
23484,inf
23485,inf
23486,inf
23487,inf
23488,inf
23489,inf
23490,inf
23491,inf
23492,inf
23493,inf
23494,inf
23495,inf
23496,inf
23497,inf
23498,inf
23499,inf
23500,inf
23501,inf
23502,inf
23503,inf
23504,inf
23505,inf
23506,inf
23507,inf
23508,inf
23509,inf
23510,inf
23511,inf
23512,inf
23513,inf
23514,inf
23515,inf
23516,inf
23517,inf
23518,inf
23519,inf
23520,inf
23521,inf
23522,inf
23523,inf
23524,inf
23525,inf
23526,inf
23527,inf
23528,inf
23529,inf
23530,inf
23531,inf
23532,inf
23533,inf
23534,inf
23535,inf
23536,inf
23537,inf
23538,inf
23539,inf
23540,inf
23541,inf
23542,inf
23543,inf
23544,inf
23545,inf
23546,inf
23547,inf
23548,inf
23549,inf
23550,inf
23551,inf
23552,inf
23553,inf
23554,inf
23555,inf
23556,inf
23557,inf
23558,inf
23559,inf
23560,inf
23561,inf
23562,inf
23563,inf
23564,inf
23565,inf
23566,inf
23567,inf
23568,inf
23569,inf
23570,inf
23571,inf
23572,inf
23573,inf
23574,inf
23575,inf
23576,inf
23577,inf
23578,inf
23579,inf
23580,inf
23581,inf
23582,inf
23583,inf
23584,inf
23585,inf
23586,inf
23587,inf
23588,inf
23589,inf
23590,inf
23591,inf
23592,inf
23593,inf
23594,inf
23595,inf
23596,inf
23597,inf
23598,inf
23599,inf
23600,inf
23601,inf
23602,inf
23603,inf
23604,inf
23605,inf
23606,inf
23607,inf
23608,inf
23609,inf
23610,inf
23611,inf
23612,inf
23613,inf
23614,inf
23615,inf
23616,inf
23617,inf
23618,inf
23619,inf
23620,inf
23621,inf
23622,inf
23623,inf
23624,inf
23625,inf
23626,inf
23627,inf
23628,inf
23629,inf
23630,inf
23631,inf
23632,inf
23633,inf
23634,inf
23635,inf
23636,inf
23637,inf
23638,inf
23639,inf
23640,inf
23641,inf
23642,inf
23643,inf
23644,inf
23645,inf
23646,inf
23647,inf
23648,inf
23649,inf
23650,inf
23651,inf
23652,inf
23653,inf
23654,inf
23655,inf
23656,inf
23657,inf
23658,inf
23659,inf
23660,inf
23661,inf
23662,inf
23663,inf
23664,inf
23665,inf
23666,inf
23667,inf
23668,inf
23669,inf
23670,inf
23671,inf
23672,inf
23673,inf
23674,inf
23675,inf
23676,inf
23677,inf
23678,inf
23679,inf
23680,inf
23681,inf
23682,inf
23683,inf
23684,inf
23685,inf
23686,inf
23687,inf
23688,inf
23689,inf
23690,inf
23691,inf
23692,inf
23693,inf
23694,inf
23695,inf
23696,inf
23697,inf
23698,inf
23699,inf
23700,inf
23701,inf
23702,inf
23703,inf
23704,inf
23705,inf
23706,inf
23707,inf
23708,inf
23709,inf
23710,inf
23711,inf
23712,inf
23713,inf
23714,inf
23715,inf
23716,inf
23717,inf
23718,inf
23719,inf
23720,inf
23721,inf
23722,inf
23723,inf
23724,inf
23725,inf
23726,inf
23727,inf
23728,inf
23729,inf
23730,inf
23731,inf
23732,inf
23733,inf
23734,inf
23735,inf
23736,inf
23737,inf
23738,inf
23739,inf
23740,inf
23741,inf
23742,inf
23743,inf
23744,inf
23745,inf
23746,inf
23747,inf
23748,inf
23749,inf
23750,inf
23751,inf
23752,inf
23753,inf
23754,inf
23755,inf
23756,inf
23757,inf
23758,inf
23759,inf
23760,inf
23761,inf
23762,inf
23763,inf
23764,inf
23765,inf
23766,inf
23767,inf
23768,inf
23769,inf
23770,inf
23771,inf
23772,inf
23773,inf
23774,inf
23775,inf
23776,inf
23777,inf
23778,inf
23779,inf
23780,inf
23781,inf
23782,inf
23783,inf
23784,inf
23785,inf
23786,inf
23787,inf
23788,inf
23789,inf
23790,inf
23791,inf
23792,inf
23793,inf
23794,inf
23795,inf
23796,inf
23797,inf
23798,inf
23799,inf
23800,inf
23801,inf
23802,inf
23803,inf
23804,inf
23805,inf
23806,inf
23807,inf
23808,inf
23809,inf
23810,inf
23811,inf
23812,inf
23813,inf
23814,inf
23815,inf
23816,inf
23817,inf
23818,inf
23819,inf
23820,inf
23821,inf
23822,inf
23823,inf
23824,inf
23825,inf
23826,inf
23827,inf
23828,inf
23829,inf
23830,inf
23831,inf
23832,inf
23833,inf
23834,inf
23835,inf
23836,inf
23837,inf
23838,inf
23839,inf
23840,inf
23841,inf
23842,inf
23843,inf
23844,inf
23845,inf
23846,inf
23847,inf
23848,inf
23849,inf
23850,inf
23851,inf
23852,inf
23853,inf
23854,inf
23855,inf
23856,inf
23857,inf
23858,inf
23859,inf
23860,inf
23861,inf
23862,inf
23863,inf
23864,inf
23865,inf
23866,inf
23867,inf
23868,inf
23869,inf
23870,inf
23871,inf
23872,inf
23873,inf
23874,inf
23875,inf
23876,inf
23877,inf
23878,inf
23879,inf
23880,inf
23881,inf
23882,inf
23883,inf
23884,inf
23885,inf
23886,inf
23887,inf
23888,inf
23889,inf
23890,inf
23891,inf
23892,inf
23893,inf
23894,inf
23895,inf
23896,inf
23897,inf
23898,inf
23899,inf
23900,inf
23901,inf
23902,inf
23903,inf
23904,inf
23905,inf
23906,inf
23907,inf
23908,inf
23909,inf
23910,inf
23911,inf
23912,inf
23913,inf
23914,inf
23915,inf
23916,inf
23917,inf
23918,inf
23919,inf
23920,inf
23921,inf
23922,inf
23923,inf
23924,inf
23925,inf
23926,inf
23927,inf
23928,inf
23929,inf
23930,inf
23931,inf
23932,inf
23933,inf
23934,inf
23935,inf
23936,inf
23937,inf
23938,inf
23939,inf
23940,inf
23941,inf
23942,inf
23943,inf
23944,inf
23945,inf
23946,inf
23947,inf
23948,inf
23949,inf
23950,inf
23951,inf
23952,inf
23953,inf
23954,inf
23955,inf
23956,inf
23957,inf
23958,inf
23959,inf
23960,inf
23961,inf
23962,inf
23963,inf
23964,inf
23965,inf
23966,inf
23967,inf
23968,inf
23969,inf
23970,inf
23971,inf
23972,inf
23973,inf
23974,inf
23975,inf
23976,inf
23977,inf
23978,inf
23979,inf
23980,inf
23981,inf
23982,inf
23983,inf
23984,inf
23985,inf
23986,inf
23987,inf
23988,inf
23989,inf
23990,inf
23991,inf
23992,inf
23993,inf
23994,inf
23995,inf
23996,inf
23997,inf
23998,inf
23999,inf
24000,inf
24001,inf
24002,inf
24003,inf
24004,inf
24005,inf
24006,inf
24007,inf
24008,inf
24009,inf
24010,inf
24011,inf
24012,inf
24013,inf
24014,inf
24015,inf
24016,inf
24017,inf
24018,inf
24019,inf
24020,inf
24021,inf
24022,inf
24023,inf
24024,inf
24025,inf
24026,inf
24027,inf
24028,inf
24029,inf
24030,inf
24031,inf
24032,inf
24033,inf
24034,inf
24035,inf
24036,inf
24037,inf
24038,inf
24039,inf
24040,inf
24041,inf
24042,inf
24043,inf
24044,inf
24045,inf
24046,inf
24047,inf
24048,inf
24049,inf
24050,inf
24051,inf
24052,inf
24053,inf
24054,inf
24055,inf
24056,inf
24057,inf
24058,inf
24059,inf
24060,inf
24061,inf
24062,inf
24063,inf
24064,inf
24065,inf
24066,inf
24067,inf
24068,inf
24069,inf
24070,inf
24071,inf
24072,inf
24073,inf
24074,inf
24075,inf
24076,inf
24077,inf
24078,inf
24079,inf
24080,inf
24081,inf
24082,inf
24083,inf
24084,inf
24085,inf
24086,inf
24087,inf
24088,inf
24089,inf
24090,inf
24091,inf
24092,inf
24093,inf
24094,inf
24095,inf
24096,inf
24097,inf
24098,inf
24099,inf
24100,inf
24101,inf
24102,inf
24103,inf
24104,inf
24105,inf
24106,inf
24107,inf
24108,inf
24109,inf
24110,inf
24111,inf
24112,inf
24113,inf
24114,inf
24115,inf
24116,inf
24117,inf
24118,inf
24119,inf
24120,inf
24121,inf
24122,inf
24123,inf
24124,inf
24125,inf
24126,inf
24127,inf
24128,inf
24129,inf
24130,inf
24131,inf
24132,inf
24133,inf
24134,inf
24135,inf
24136,inf
24137,inf
24138,inf
24139,inf
24140,inf
24141,inf
24142,inf
24143,inf
24144,inf
24145,inf
24146,inf
24147,inf
24148,inf
24149,inf
24150,inf
24151,inf
24152,inf
24153,inf
24154,inf
24155,inf
24156,inf
24157,inf
24158,inf
24159,inf
24160,inf
24161,inf
24162,inf
24163,inf
24164,inf
24165,inf
24166,inf
24167,inf
24168,inf
24169,inf
24170,inf
24171,inf
24172,inf
24173,inf
24174,inf
24175,inf
24176,inf
24177,inf
24178,inf
24179,inf
24180,inf
24181,inf
24182,inf
24183,inf
24184,inf
24185,inf
24186,inf
24187,inf
24188,inf
24189,inf
24190,inf
24191,inf
24192,inf
24193,inf
24194,inf
24195,inf
24196,inf
24197,inf
24198,inf
24199,inf
24200,inf
24201,inf
24202,inf
24203,inf
24204,inf
24205,inf
24206,inf
24207,inf
24208,inf
24209,inf
24210,inf
24211,inf
24212,inf
24213,inf
24214,inf
24215,inf
24216,inf
24217,inf
24218,inf
24219,inf
24220,inf
24221,inf
24222,inf
24223,inf
24224,inf
24225,inf
24226,inf
24227,inf
24228,inf
24229,inf
24230,inf
24231,inf
24232,inf
24233,inf
24234,inf
24235,inf
24236,inf
24237,inf
24238,inf
24239,inf
24240,inf
24241,inf
24242,inf
24243,inf
24244,inf
24245,inf
24246,inf
24247,inf
24248,inf
24249,inf
24250,inf
24251,inf
24252,inf
24253,inf
24254,inf
24255,inf
24256,inf
24257,inf
24258,inf
24259,inf
24260,inf
24261,inf
24262,inf
24263,inf
24264,inf
24265,inf
24266,inf
24267,inf
24268,inf
24269,inf
24270,inf
24271,inf
24272,inf
24273,inf
24274,inf
24275,inf
24276,inf
24277,inf
24278,inf
24279,inf
24280,inf
24281,inf
24282,inf
24283,inf
24284,inf
24285,inf
24286,inf
24287,inf
24288,inf
24289,inf
24290,inf
24291,inf
24292,inf
24293,inf
24294,inf
24295,inf
24296,inf
24297,inf
24298,inf
24299,inf
24300,inf
24301,inf
24302,inf
24303,inf
24304,inf
24305,inf
24306,inf
24307,inf
24308,inf
24309,inf
24310,inf
24311,inf
24312,inf
24313,inf
24314,inf
24315,inf
24316,inf
24317,inf
24318,inf
24319,inf
24320,inf
24321,inf
24322,inf
24323,inf
24324,inf
24325,inf
24326,inf
24327,inf
24328,inf
24329,inf
24330,inf
24331,inf
24332,inf
24333,inf
24334,inf
24335,inf
24336,inf
24337,inf
24338,inf
24339,inf
24340,inf
24341,inf
24342,inf
24343,inf
24344,inf
24345,inf
24346,inf
24347,inf
24348,inf
24349,inf
24350,inf
24351,inf
24352,inf
24353,inf
24354,inf
24355,inf
24356,inf
24357,inf
24358,inf
24359,inf
24360,inf
24361,inf
24362,inf
24363,inf
24364,inf
24365,inf
24366,inf
24367,inf
24368,inf
24369,inf
24370,inf
24371,inf
24372,inf
24373,inf
24374,inf
24375,inf
24376,inf
24377,inf
24378,inf
24379,inf
24380,inf
24381,inf
24382,inf
24383,inf
24384,inf
24385,inf
24386,inf
24387,inf
24388,inf
24389,inf
24390,inf
24391,inf
24392,inf
24393,inf
24394,inf
24395,inf
24396,inf
24397,inf
24398,inf
24399,inf
24400,inf
24401,inf
24402,inf
24403,inf
24404,inf
24405,inf
24406,inf
24407,inf
24408,inf
24409,inf
24410,inf
24411,inf
24412,inf
24413,inf
24414,inf
24415,inf
24416,inf
24417,inf
24418,inf
24419,inf
24420,inf
24421,inf
24422,inf
24423,inf
24424,inf
24425,inf
24426,inf
24427,inf
24428,inf
24429,inf
24430,inf
24431,inf
24432,inf
24433,inf
24434,inf
24435,inf
24436,inf
24437,inf
24438,inf
24439,inf
24440,inf
24441,inf
24442,inf
24443,inf
24444,inf
24445,inf
24446,inf
24447,inf
24448,inf
24449,inf
24450,inf
24451,inf
24452,inf
24453,inf
24454,inf
24455,inf
24456,inf
24457,inf
24458,inf
24459,inf
24460,inf
24461,inf
24462,inf
24463,inf
24464,inf
24465,inf
24466,inf
24467,inf
24468,inf
24469,inf
24470,inf
24471,inf
24472,inf
24473,inf
24474,inf
24475,inf
24476,inf
24477,inf
24478,inf
24479,inf
24480,inf
24481,inf
24482,inf
24483,inf
24484,inf
24485,inf
24486,inf
24487,inf
24488,inf
24489,inf
24490,inf
24491,inf
24492,inf
24493,inf
24494,inf
24495,inf
24496,inf
24497,inf
24498,inf
24499,inf
24500,inf
24501,inf
24502,inf
24503,inf
24504,inf
24505,inf
24506,inf
24507,inf
24508,inf
24509,inf
24510,inf
24511,inf
24512,inf
24513,inf
24514,inf
24515,inf
24516,inf
24517,inf
24518,inf
24519,inf
24520,inf
24521,inf
24522,inf
24523,inf
24524,inf
24525,inf
24526,inf
24527,inf
24528,inf
24529,inf
24530,inf
24531,inf
24532,inf
24533,inf
24534,inf
24535,inf
24536,inf
24537,inf
24538,inf
24539,inf
24540,inf
24541,inf
24542,inf
24543,inf
24544,inf
24545,inf
24546,inf
24547,inf
24548,inf
24549,inf
24550,inf
24551,inf
24552,inf
24553,inf
24554,inf
24555,inf
24556,inf
24557,inf
24558,inf
24559,inf
24560,inf
24561,inf
24562,inf
24563,inf
24564,inf
24565,inf
24566,inf
24567,inf
24568,inf
24569,inf
24570,inf
24571,inf
24572,inf
24573,inf
24574,inf
24575,inf
24576,inf
24577,inf
24578,inf
24579,inf
24580,inf
24581,inf
24582,inf
24583,inf
24584,inf
24585,inf
24586,inf
24587,inf
24588,inf
24589,inf
24590,inf
24591,inf
24592,inf
24593,inf
24594,inf
24595,inf
24596,inf
24597,inf
24598,inf
24599,inf
24600,inf
24601,inf
24602,inf
24603,inf
24604,inf
24605,inf
24606,inf
24607,inf
24608,inf
24609,inf
24610,inf
24611,inf
24612,inf
24613,inf
24614,inf
24615,inf
24616,inf
24617,inf
24618,inf
24619,inf
24620,inf
24621,inf
24622,inf
24623,inf
24624,inf
24625,inf
24626,inf
24627,inf
24628,inf
24629,inf
24630,inf
24631,inf
24632,inf
24633,inf
24634,inf
24635,inf
24636,inf
24637,inf
24638,inf
24639,inf
24640,inf
24641,inf
24642,inf
24643,inf
24644,inf
24645,inf
24646,inf
24647,inf
24648,inf
24649,inf
24650,inf
24651,inf
24652,inf
24653,inf
24654,inf
24655,inf
24656,inf
24657,inf
24658,inf
24659,inf
24660,inf
24661,inf
24662,inf
24663,inf
24664,inf
24665,inf
24666,inf
24667,inf
24668,inf
24669,inf
24670,inf
24671,inf
24672,inf
24673,inf
24674,inf
24675,inf
24676,inf
24677,inf
24678,inf
24679,inf
24680,inf
24681,inf
24682,inf
24683,inf
24684,inf
24685,inf
24686,inf
24687,inf
24688,inf
24689,inf
24690,inf
24691,inf
24692,inf
24693,inf
24694,inf
24695,inf
24696,inf
24697,inf
24698,inf
24699,inf
24700,inf
24701,inf
24702,inf
24703,inf
24704,inf
24705,inf
24706,inf
24707,inf
24708,inf
24709,inf
24710,inf
24711,inf
24712,inf
24713,inf
24714,inf
24715,inf
24716,inf
24717,inf
24718,inf
24719,inf
24720,inf
24721,inf
24722,inf
24723,inf
24724,inf
24725,inf
24726,inf
24727,inf
24728,inf
24729,inf
24730,inf
24731,inf
24732,inf
24733,inf
24734,inf
24735,inf
24736,inf
24737,inf
24738,inf
24739,inf
24740,inf
24741,inf
24742,inf
24743,inf
24744,inf
24745,inf
24746,inf
24747,inf
24748,inf
24749,inf
24750,inf
24751,inf
24752,inf
24753,inf
24754,inf
24755,inf
24756,inf
24757,inf
24758,inf
24759,inf
24760,inf
24761,inf
24762,inf
24763,inf
24764,inf
24765,inf
24766,inf
24767,inf
24768,inf
24769,inf
24770,inf
24771,inf
24772,inf
24773,inf
24774,inf
24775,inf
24776,inf
24777,inf
24778,inf
24779,inf
24780,inf
24781,inf
24782,inf
24783,inf
24784,inf
24785,inf
24786,inf
24787,inf
24788,inf
24789,inf
24790,inf
24791,inf
24792,inf
24793,inf
24794,inf
24795,inf
24796,inf
24797,inf
24798,inf
24799,inf
24800,inf
24801,inf
24802,inf
24803,inf
24804,inf
24805,inf
24806,inf
24807,inf
24808,inf
24809,inf
24810,inf
24811,inf
24812,inf
24813,inf
24814,inf
24815,inf
24816,inf
24817,inf
24818,inf
24819,inf
24820,inf
24821,inf
24822,inf
24823,inf
24824,inf
24825,inf
24826,inf
24827,inf
24828,inf
24829,inf
24830,inf
24831,inf
24832,inf
24833,inf
24834,inf
24835,inf
24836,inf
24837,inf
24838,inf
24839,inf
24840,inf
24841,inf
24842,inf
24843,inf
24844,inf
24845,inf
24846,inf
24847,inf
24848,inf
24849,inf
24850,inf
24851,inf
24852,inf
24853,inf
24854,inf
24855,inf
24856,inf
24857,inf
24858,inf
24859,inf
24860,inf
24861,inf
24862,inf
24863,inf
24864,inf
24865,inf
24866,inf
24867,inf
24868,inf
24869,inf
24870,inf
24871,inf
24872,inf
24873,inf
24874,inf
24875,inf
24876,inf
24877,inf
24878,inf
24879,inf
24880,inf
24881,inf
24882,inf
24883,inf
24884,inf
24885,inf
24886,inf
24887,inf
24888,inf
24889,inf
24890,inf
24891,inf
24892,inf
24893,inf
24894,inf
24895,inf
24896,inf
24897,inf
24898,inf
24899,inf
24900,inf
24901,inf
24902,inf
24903,inf
24904,inf
24905,inf
24906,inf
24907,inf
24908,inf
24909,inf
24910,inf
24911,inf
24912,inf
24913,inf
24914,inf
24915,inf
24916,inf
24917,inf
24918,inf
24919,inf
24920,inf
24921,inf
24922,inf
24923,inf
24924,inf
24925,inf
24926,inf
24927,inf
24928,inf
24929,inf
24930,inf
24931,inf
24932,inf
24933,inf
24934,inf
24935,inf
24936,inf
24937,inf
24938,inf
24939,inf
24940,inf
24941,inf
24942,inf
24943,inf
24944,inf
24945,inf
24946,inf
24947,inf
24948,inf
24949,inf
24950,inf
24951,inf
24952,inf
24953,inf
24954,inf
24955,inf
24956,inf
24957,inf
24958,inf
24959,inf
24960,inf
24961,inf
24962,inf
24963,inf
24964,inf
24965,inf
24966,inf
24967,inf
24968,inf
24969,inf
24970,inf
24971,inf
24972,inf
24973,inf
24974,inf
24975,inf
24976,inf
24977,inf
24978,inf
24979,inf
24980,inf
24981,inf
24982,inf
24983,inf
24984,inf
24985,inf
24986,inf
24987,inf
24988,inf
24989,inf
24990,inf
24991,inf
24992,inf
24993,inf
24994,inf
24995,inf
24996,inf
24997,inf
24998,inf
24999,inf
25000,inf
25001,inf
25002,inf
25003,inf
25004,inf
25005,inf
25006,inf
25007,inf
25008,inf
25009,inf
25010,inf
25011,inf
25012,inf
25013,inf
25014,inf
25015,inf
25016,inf
25017,inf
25018,inf
25019,inf
25020,inf
25021,inf
25022,inf
25023,inf
25024,inf
25025,inf
25026,inf
25027,inf
25028,inf
25029,inf
25030,inf
25031,inf
25032,inf
25033,inf
25034,inf
25035,inf
25036,inf
25037,inf
25038,inf
25039,inf
25040,inf
25041,inf
25042,inf
25043,inf
25044,inf
25045,inf
25046,inf
25047,inf
25048,inf
25049,inf
25050,inf
25051,inf
25052,inf
25053,inf
25054,inf
25055,inf
25056,inf
25057,inf
25058,inf
25059,inf
25060,inf
25061,inf
25062,inf
25063,inf
25064,inf
25065,inf
25066,inf
25067,inf
25068,inf
25069,inf
25070,inf
25071,inf
25072,inf
25073,inf
25074,inf
25075,inf
25076,inf
25077,inf
25078,inf
25079,inf
25080,inf
25081,inf
25082,inf
25083,inf
25084,inf
25085,inf
25086,inf
25087,inf
25088,inf
25089,inf
25090,inf
25091,inf
25092,inf
25093,inf
25094,inf
25095,inf
25096,inf
25097,inf
25098,inf
25099,inf
25100,inf
25101,inf
25102,inf
25103,inf
25104,inf
25105,inf
25106,inf
25107,inf
25108,inf
25109,inf
25110,inf
25111,inf
25112,inf
25113,inf
25114,inf
25115,inf
25116,inf
25117,inf
25118,inf
25119,inf
25120,inf
25121,inf
25122,inf
25123,inf
25124,inf
25125,inf
25126,inf
25127,inf
25128,inf
25129,inf
25130,inf
25131,inf
25132,inf
25133,inf
25134,inf
25135,inf
25136,inf
25137,inf
25138,inf
25139,inf
25140,inf
25141,inf
25142,inf
25143,inf
25144,inf
25145,inf
25146,inf
25147,inf
25148,inf
25149,inf
25150,inf
25151,inf
25152,inf
25153,inf
25154,inf
25155,inf
25156,inf
25157,inf
25158,inf
25159,inf
25160,inf
25161,inf
25162,inf
25163,inf
25164,inf
25165,inf
25166,inf
25167,inf
25168,inf
25169,inf
25170,inf
25171,inf
25172,inf
25173,inf
25174,inf
25175,inf
25176,inf
25177,inf
25178,inf
25179,inf
25180,inf
25181,inf
25182,inf
25183,inf
25184,inf
25185,inf
25186,inf
25187,inf
25188,inf
25189,inf
25190,inf
25191,inf
25192,inf
25193,inf
25194,inf
25195,inf
25196,inf
25197,inf
25198,inf
25199,inf
25200,inf
25201,inf
25202,inf
25203,inf
25204,inf
25205,inf
25206,inf
25207,inf
25208,inf
25209,inf
25210,inf
25211,inf
25212,inf
25213,inf
25214,inf
25215,inf
25216,inf
25217,inf
25218,inf
25219,inf
25220,inf
25221,inf
25222,inf
25223,inf
25224,inf
25225,inf
25226,inf
25227,inf
25228,inf
25229,inf
25230,inf
25231,inf
25232,inf
25233,inf
25234,inf
25235,inf
25236,inf
25237,inf
25238,inf
25239,inf
25240,inf
25241,inf
25242,inf
25243,inf
25244,inf
25245,inf
25246,inf
25247,inf
25248,inf
25249,inf
25250,inf
25251,inf
25252,inf
25253,inf
25254,inf
25255,inf
25256,inf
25257,inf
25258,inf
25259,inf
25260,inf
25261,inf
25262,inf
25263,inf
25264,inf
25265,inf
25266,inf
25267,inf
25268,inf
25269,inf
25270,inf
25271,inf
25272,inf
25273,inf
25274,inf
25275,inf
25276,inf
25277,inf
25278,inf
25279,inf
25280,inf
25281,inf
25282,inf
25283,inf
25284,inf
25285,inf
25286,inf
25287,inf
25288,inf
25289,inf
25290,inf
25291,inf
25292,inf
25293,inf
25294,inf
25295,inf
25296,inf
25297,inf
25298,inf
25299,inf
25300,inf
25301,inf
25302,inf
25303,inf
25304,inf
25305,inf
25306,inf
25307,inf
25308,inf
25309,inf
25310,inf
25311,inf
25312,inf
25313,inf
25314,inf
25315,inf
25316,inf
25317,inf
25318,inf
25319,inf
25320,inf
25321,inf
25322,inf
25323,inf
25324,inf
25325,inf
25326,inf
25327,inf
25328,inf
25329,inf
25330,inf
25331,inf
25332,inf
25333,inf
25334,inf
25335,inf
25336,inf
25337,inf
25338,inf
25339,inf
25340,inf
25341,inf
25342,inf
25343,inf
25344,inf
25345,inf
25346,inf
25347,inf
25348,inf
25349,inf
25350,inf
25351,inf
25352,inf
25353,inf
25354,inf
25355,inf
25356,inf
25357,inf
25358,inf
25359,inf
25360,inf
25361,inf
25362,inf
25363,inf
25364,inf
25365,inf
25366,inf
25367,inf
25368,inf
25369,inf
25370,inf
25371,inf
25372,inf
25373,inf
25374,inf
25375,inf
25376,inf
25377,inf
25378,inf
25379,inf
25380,inf
25381,inf
25382,inf
25383,inf
25384,inf
25385,inf
25386,inf
25387,inf
25388,inf
25389,inf
25390,inf
25391,inf
25392,inf
25393,inf
25394,inf
25395,inf
25396,inf
25397,inf
25398,inf
25399,inf
25400,inf
25401,inf
25402,inf
25403,inf
25404,inf
25405,inf
25406,inf
25407,inf
25408,inf
25409,inf
25410,inf
25411,inf
25412,inf
25413,inf
25414,inf
25415,inf
25416,inf
25417,inf
25418,inf
25419,inf
25420,inf
25421,inf
25422,inf
25423,inf
25424,inf
25425,inf
25426,inf
25427,inf
25428,inf
25429,inf
25430,inf
25431,inf
25432,inf
25433,inf
25434,inf
25435,inf
25436,inf
25437,inf
25438,inf
25439,inf
25440,inf
25441,inf
25442,inf
25443,inf
25444,inf
25445,inf
25446,inf
25447,inf
25448,inf
25449,inf
25450,inf
25451,inf
25452,inf
25453,inf
25454,inf
25455,inf
25456,inf
25457,inf
25458,inf
25459,inf
25460,inf
25461,inf
25462,inf
25463,inf
25464,inf
25465,inf
25466,inf
25467,inf
25468,inf
25469,inf
25470,inf
25471,inf
25472,inf
25473,inf
25474,inf
25475,inf
25476,inf
25477,inf
25478,inf
25479,inf
25480,inf
25481,inf
25482,inf
25483,inf
25484,inf
25485,inf
25486,inf
25487,inf
25488,inf
25489,inf
25490,inf
25491,inf
25492,inf
25493,inf
25494,inf
25495,inf
25496,inf
25497,inf
25498,inf
25499,inf
25500,inf
25501,inf
25502,inf
25503,inf
25504,inf
25505,inf
25506,inf
25507,inf
25508,inf
25509,inf
25510,inf
25511,inf
25512,inf
25513,inf
25514,inf
25515,inf
25516,inf
25517,inf
25518,inf
25519,inf
25520,inf
25521,inf
25522,inf
25523,inf
25524,inf
25525,inf
25526,inf
25527,inf
25528,inf
25529,inf
25530,inf
25531,inf
25532,inf
25533,inf
25534,inf
25535,inf
25536,inf
25537,inf
25538,inf
25539,inf
25540,inf
25541,inf
25542,inf
25543,inf
25544,inf
25545,inf
25546,inf
25547,inf
25548,inf
25549,inf
25550,inf
25551,inf
25552,inf
25553,inf
25554,inf
25555,inf
25556,inf
25557,inf
25558,inf
25559,inf
25560,inf
25561,inf
25562,inf
25563,inf
25564,inf
25565,inf
25566,inf
25567,inf
25568,inf
25569,inf
25570,inf
25571,inf
25572,inf
25573,inf
25574,inf
25575,inf
25576,inf
25577,inf
25578,inf
25579,inf
25580,inf
25581,inf
25582,inf
25583,inf
25584,inf
25585,inf
25586,inf
25587,inf
25588,inf
25589,inf
25590,inf
25591,inf
25592,inf
25593,inf
25594,inf
25595,inf
25596,inf
25597,inf
25598,inf
25599,inf
25600,inf
25601,inf
25602,inf
25603,inf
25604,inf
25605,inf
25606,inf
25607,inf
25608,inf
25609,inf
25610,inf
25611,inf
25612,inf
25613,inf
25614,inf
25615,inf
25616,inf
25617,inf
25618,inf
25619,inf
25620,inf
25621,inf
25622,inf
25623,inf
25624,inf
25625,inf
25626,inf
25627,inf
25628,inf
25629,inf
25630,inf
25631,inf
25632,inf
25633,inf
25634,inf
25635,inf
25636,inf
25637,inf
25638,inf
25639,inf
25640,inf
25641,inf
25642,inf
25643,inf
25644,inf
25645,inf
25646,inf
25647,inf
25648,inf
25649,inf
25650,inf
25651,inf
25652,inf
25653,inf
25654,inf
25655,inf
25656,inf
25657,inf
25658,inf
25659,inf
25660,inf
25661,inf
25662,inf
25663,inf
25664,inf
25665,inf
25666,inf
25667,inf
25668,inf
25669,inf
25670,inf
25671,inf
25672,inf
25673,inf
25674,inf
25675,inf
25676,inf
25677,inf
25678,inf
25679,inf
25680,inf
25681,inf
25682,inf
25683,inf
25684,inf
25685,inf
25686,inf
25687,inf
25688,inf
25689,inf
25690,inf
25691,inf
25692,inf
25693,inf
25694,inf
25695,inf
25696,inf
25697,inf
25698,inf
25699,inf
25700,inf
25701,inf
25702,inf
25703,inf
25704,inf
25705,inf
25706,inf
25707,inf
25708,inf
25709,inf
25710,inf
25711,inf
25712,inf
25713,inf
25714,inf
25715,inf
25716,inf
25717,inf
25718,inf
25719,inf
25720,inf
25721,inf
25722,inf
25723,inf
25724,inf
25725,inf
25726,inf
25727,inf
25728,inf
25729,inf
25730,inf
25731,inf
25732,inf
25733,inf
25734,inf
25735,inf
25736,inf
25737,inf
25738,inf
25739,inf
25740,inf
25741,inf
25742,inf
25743,inf
25744,inf
25745,inf
25746,inf
25747,inf
25748,inf
25749,inf
25750,inf
25751,inf
25752,inf
25753,inf
25754,inf
25755,inf
25756,inf
25757,inf
25758,inf
25759,inf
25760,inf
25761,inf
25762,inf
25763,inf
25764,inf
25765,inf
25766,inf
25767,inf
25768,inf
25769,inf
25770,inf
25771,inf
25772,inf
25773,inf
25774,inf
25775,inf
25776,inf
25777,inf
25778,inf
25779,inf
25780,inf
25781,inf
25782,inf
25783,inf
25784,inf
25785,inf
25786,inf
25787,inf
25788,inf
25789,inf
25790,inf
25791,inf
25792,inf
25793,inf
25794,inf
25795,inf
25796,inf
25797,inf
25798,inf
25799,inf
25800,inf
25801,inf
25802,inf
25803,inf
25804,inf
25805,inf
25806,inf
25807,inf
25808,inf
25809,inf
25810,inf
25811,inf
25812,inf
25813,inf
25814,inf
25815,inf
25816,inf
25817,inf
25818,inf
25819,inf
25820,inf
25821,inf
25822,inf
25823,inf
25824,inf
25825,inf
25826,inf
25827,inf
25828,inf
25829,inf
25830,inf
25831,inf
25832,inf
25833,inf
25834,inf
25835,inf
25836,inf
25837,inf
25838,inf
25839,inf
25840,inf
25841,inf
25842,inf
25843,inf
25844,inf
25845,inf
25846,inf
25847,inf
25848,inf
25849,inf
25850,inf
25851,inf
25852,inf
25853,inf
25854,inf
25855,inf
25856,inf
25857,inf
25858,inf
25859,inf
25860,inf
25861,inf
25862,inf
25863,inf
25864,inf
25865,inf
25866,inf
25867,inf
25868,inf
25869,inf
25870,inf
25871,inf
25872,inf
25873,inf
25874,inf
25875,inf
25876,inf
25877,inf
25878,inf
25879,inf
25880,inf
25881,inf
25882,inf
25883,inf
25884,inf
25885,inf
25886,inf
25887,inf
25888,inf
25889,inf
25890,inf
25891,inf
25892,inf
25893,inf
25894,inf
25895,inf
25896,inf
25897,inf
25898,inf
25899,inf
25900,inf
25901,inf
25902,inf
25903,inf
25904,inf
25905,inf
25906,inf
25907,inf
25908,inf
25909,inf
25910,inf
25911,inf
25912,inf
25913,inf
25914,inf
25915,inf
25916,inf
25917,inf
25918,inf
25919,inf
25920,inf
25921,inf
25922,inf
25923,inf
25924,inf
25925,inf
25926,inf
25927,inf
25928,inf
25929,inf
25930,inf
25931,inf
25932,inf
25933,inf
25934,inf
25935,inf
25936,inf
25937,inf
25938,inf
25939,inf
25940,inf
25941,inf
25942,inf
25943,inf
25944,inf
25945,inf
25946,inf
25947,inf
25948,inf
25949,inf
25950,inf
25951,inf
25952,inf
25953,inf
25954,inf
25955,inf
25956,inf
25957,inf
25958,inf
25959,inf
25960,inf
25961,inf
25962,inf
25963,inf
25964,inf
25965,inf
25966,inf
25967,inf
25968,inf
25969,inf
25970,inf
25971,inf
25972,inf
25973,inf
25974,inf
25975,inf
25976,inf
25977,inf
25978,inf
25979,inf
25980,inf
25981,inf
25982,inf
25983,inf
25984,inf
25985,inf
25986,inf
25987,inf
25988,inf
25989,inf
25990,inf
25991,inf
25992,inf
25993,inf
25994,inf
25995,inf
25996,inf
25997,inf
25998,inf
25999,inf
26000,inf
26001,inf
26002,inf
26003,inf
26004,inf
26005,inf
26006,inf
26007,inf
26008,inf
26009,inf
26010,inf
26011,inf
26012,inf
26013,inf
26014,inf
26015,inf
26016,inf
26017,inf
26018,inf
26019,inf
26020,inf
26021,inf
26022,inf
26023,inf
26024,inf
26025,inf
26026,inf
26027,inf
26028,inf
26029,inf
26030,inf
26031,inf
26032,inf
26033,inf
26034,inf
26035,inf
26036,inf
26037,inf
26038,inf
26039,inf
26040,inf
26041,inf
26042,inf
26043,inf
26044,inf
26045,inf
26046,inf
26047,inf
26048,inf
26049,inf
26050,inf
26051,inf
26052,inf
26053,inf
26054,inf
26055,inf
26056,inf
26057,inf
26058,inf
26059,inf
26060,inf
26061,inf
26062,inf
26063,inf
26064,inf
26065,inf
26066,inf
26067,inf
26068,inf
26069,inf
26070,inf
26071,inf
26072,inf
26073,inf
26074,inf
26075,inf
26076,inf
26077,inf
26078,inf
26079,inf
26080,inf
26081,inf
26082,inf
26083,inf
26084,inf
26085,inf
26086,inf
26087,inf
26088,inf
26089,inf
26090,inf
26091,inf
26092,inf
26093,inf
26094,inf
26095,inf
26096,inf
26097,inf
26098,inf
26099,inf
26100,inf
26101,inf
26102,inf
26103,inf
26104,inf
26105,inf
26106,inf
26107,inf
26108,inf
26109,inf
26110,inf
26111,inf
26112,inf
26113,inf
26114,inf
26115,inf
26116,inf
26117,inf
26118,inf
26119,inf
26120,inf
26121,inf
26122,inf
26123,inf
26124,inf
26125,inf
26126,inf
26127,inf
26128,inf
26129,inf
26130,inf
26131,inf
26132,inf
26133,inf
26134,inf
26135,inf
26136,inf
26137,inf
26138,inf
26139,inf
26140,inf
26141,inf
26142,inf
26143,inf
26144,inf
26145,inf
26146,inf
26147,inf
26148,inf
26149,inf
26150,inf
26151,inf
26152,inf
26153,inf
26154,inf
26155,inf
26156,inf
26157,inf
26158,inf
26159,inf
26160,inf
26161,inf
26162,inf
26163,inf
26164,inf
26165,inf
26166,inf
26167,inf
26168,inf
26169,inf
26170,inf
26171,inf
26172,inf
26173,inf
26174,inf
26175,inf
26176,inf
26177,inf
26178,inf
26179,inf
26180,inf
26181,inf
26182,inf
26183,inf
26184,inf
26185,inf
26186,inf
26187,inf
26188,inf
26189,inf
26190,inf
26191,inf
26192,inf
26193,inf
26194,inf
26195,inf
26196,inf
26197,inf
26198,inf
26199,inf
26200,inf
26201,inf
26202,inf
26203,inf
26204,inf
26205,inf
26206,inf
26207,inf
26208,inf
26209,inf
26210,inf
26211,inf
26212,inf
26213,inf
26214,inf
26215,inf
26216,inf
26217,inf
26218,inf
26219,inf
26220,inf
26221,inf
26222,inf
26223,inf
26224,inf
26225,inf
26226,inf
26227,inf
26228,inf
26229,inf
26230,inf
26231,inf
26232,inf
26233,inf
26234,inf
26235,inf
26236,inf
26237,inf
26238,inf
26239,inf
26240,inf
26241,inf
26242,inf
26243,inf
26244,inf
26245,inf
26246,inf
26247,inf
26248,inf
26249,inf
26250,inf
26251,inf
26252,inf
26253,inf
26254,inf
26255,inf
26256,inf
26257,inf
26258,inf
26259,inf
26260,inf
26261,inf
26262,inf
26263,inf
26264,inf
26265,inf
26266,inf
26267,inf
26268,inf
26269,inf
26270,inf
26271,inf
26272,inf
26273,inf
26274,inf
26275,inf
26276,inf
26277,inf
26278,inf
26279,inf
26280,inf
26281,inf
26282,inf
26283,inf
26284,inf
26285,inf
26286,inf
26287,inf
26288,inf
26289,inf
26290,inf
26291,inf
26292,inf
26293,inf
26294,inf
26295,inf
26296,inf
26297,inf
26298,inf
26299,inf
26300,inf
26301,inf
26302,inf
26303,inf
26304,inf
26305,inf
26306,inf
26307,inf
26308,inf
26309,inf
26310,inf
26311,inf
26312,inf
26313,inf
26314,inf
26315,inf
26316,inf
26317,inf
26318,inf
26319,inf
26320,inf
26321,inf
26322,inf
26323,inf
26324,inf
26325,inf
26326,inf
26327,inf
26328,inf
26329,inf
26330,inf
26331,inf
26332,inf
26333,inf
26334,inf
26335,inf
26336,inf
26337,inf
26338,inf
26339,inf
26340,inf
26341,inf
26342,inf
26343,inf
26344,inf
26345,inf
26346,inf
26347,inf
26348,inf
26349,inf
26350,inf
26351,inf
26352,inf
26353,inf
26354,inf
26355,inf
26356,inf
26357,inf
26358,inf
26359,inf
26360,inf
26361,inf
26362,inf
26363,inf
26364,inf
26365,inf
26366,inf
26367,inf
26368,inf
26369,inf
26370,inf
26371,inf
26372,inf
26373,inf
26374,inf
26375,inf
26376,inf
26377,inf
26378,inf
26379,inf
26380,inf
26381,inf
26382,inf
26383,inf
26384,inf
26385,inf
26386,inf
26387,inf
26388,inf
26389,inf
26390,inf
26391,inf
26392,inf
26393,inf
26394,inf
26395,inf
26396,inf
26397,inf
26398,inf
26399,inf
26400,inf
26401,inf
26402,inf
26403,inf
26404,inf
26405,inf
26406,inf
26407,inf
26408,inf
26409,inf
26410,inf
26411,inf
26412,inf
26413,inf
26414,inf
26415,inf
26416,inf
26417,inf
26418,inf
26419,inf
26420,inf
26421,inf
26422,inf
26423,inf
26424,inf
26425,inf
26426,inf
26427,inf
26428,inf
26429,inf
26430,inf
26431,inf
26432,inf
26433,inf
26434,inf
26435,inf
26436,inf
26437,inf
26438,inf
26439,inf
26440,inf
26441,inf
26442,inf
26443,inf
26444,inf
26445,inf
26446,inf
26447,inf
26448,inf
26449,inf
26450,inf
26451,inf
26452,inf
26453,inf
26454,inf
26455,inf
26456,inf
26457,inf
26458,inf
26459,inf
26460,inf
26461,inf
26462,inf
26463,inf
26464,inf
26465,inf
26466,inf
26467,inf
26468,inf
26469,inf
26470,inf
26471,inf
26472,inf
26473,inf
26474,inf
26475,inf
26476,inf
26477,inf
26478,inf
26479,inf
26480,inf
26481,inf
26482,inf
26483,inf
26484,inf
26485,inf
26486,inf
26487,inf
26488,inf
26489,inf
26490,inf
26491,inf
26492,inf
26493,inf
26494,inf
26495,inf
26496,inf
26497,inf
26498,inf
26499,inf
26500,inf
26501,inf
26502,inf
26503,inf
26504,inf
26505,inf
26506,inf
26507,inf
26508,inf
26509,inf
26510,inf
26511,inf
26512,inf
26513,inf
26514,inf
26515,inf
26516,inf
26517,inf
26518,inf
26519,inf
26520,inf
26521,inf
26522,inf
26523,inf
26524,inf
26525,inf
26526,inf
26527,inf
26528,inf
26529,inf
26530,inf
26531,inf
26532,inf
26533,inf
26534,inf
26535,inf
26536,inf
26537,inf
26538,inf
26539,inf
26540,inf
26541,inf
26542,inf
26543,inf
26544,inf
26545,inf
26546,inf
26547,inf
26548,inf
26549,inf
26550,inf
26551,inf
26552,inf
26553,inf
26554,inf
26555,inf
26556,inf
26557,inf
26558,inf
26559,inf
26560,inf
26561,inf
26562,inf
26563,inf
26564,inf
26565,inf
26566,inf
26567,inf
26568,inf
26569,inf
26570,inf
26571,inf
26572,inf
26573,inf
26574,inf
26575,inf
26576,inf
26577,inf
26578,inf
26579,inf
26580,inf
26581,inf
26582,inf
26583,inf
26584,inf
26585,inf
26586,inf
26587,inf
26588,inf
26589,inf
26590,inf
26591,inf
26592,inf
26593,inf
26594,inf
26595,inf
26596,inf
26597,inf
26598,inf
26599,inf
26600,inf
26601,inf
26602,inf
26603,inf
26604,inf
26605,inf
26606,inf
26607,inf
26608,inf
26609,inf
26610,inf
26611,inf
26612,inf
26613,inf
26614,inf
26615,inf
26616,inf
26617,inf
26618,inf
26619,inf
26620,inf
26621,inf
26622,inf
26623,inf
26624,inf
26625,inf
26626,inf
26627,inf
26628,inf
26629,inf
26630,inf
26631,inf
26632,inf
26633,inf
26634,inf
26635,inf
26636,inf
26637,inf
26638,inf
26639,inf
26640,inf
26641,inf
26642,inf
26643,inf
26644,inf
26645,inf
26646,inf
26647,inf
26648,inf
26649,inf
26650,inf
26651,inf
26652,inf
26653,inf
26654,inf
26655,inf
26656,inf
26657,inf
26658,inf
26659,inf
26660,inf
26661,inf
26662,inf
26663,inf
26664,inf
26665,inf
26666,inf
26667,inf
26668,inf
26669,inf
26670,inf
26671,inf
26672,inf
26673,inf
26674,inf
26675,inf
26676,inf
26677,inf
26678,inf
26679,inf
26680,inf
26681,inf
26682,inf
26683,inf
26684,inf
26685,inf
26686,inf
26687,inf
26688,inf
26689,inf
26690,inf
26691,inf
26692,inf
26693,inf
26694,inf
26695,inf
26696,inf
26697,inf
26698,inf
26699,inf
26700,inf
26701,inf
26702,inf
26703,inf
26704,inf
26705,inf
26706,inf
26707,inf
26708,inf
26709,inf
26710,inf
26711,inf
26712,inf
26713,inf
26714,inf
26715,inf
26716,inf
26717,inf
26718,inf
26719,inf
26720,inf
26721,inf
26722,inf
26723,inf
26724,inf
26725,inf
26726,inf
26727,inf
26728,inf
26729,inf
26730,inf
26731,inf
26732,inf
26733,inf
26734,inf
26735,inf
26736,inf
26737,inf
26738,inf
26739,inf
26740,inf
26741,inf
26742,inf
26743,inf
26744,inf
26745,inf
26746,inf
26747,inf
26748,inf
26749,inf
26750,inf
26751,inf
26752,inf
26753,inf
26754,inf
26755,inf
26756,inf
26757,inf
26758,inf
26759,inf
26760,inf
26761,inf
26762,inf
26763,inf
26764,inf
26765,inf
26766,inf
26767,inf
26768,inf
26769,inf
26770,inf
26771,inf
26772,inf
26773,inf
26774,inf
26775,inf
26776,inf
26777,inf
26778,inf
26779,inf
26780,inf
26781,inf
26782,inf
26783,inf
26784,inf
26785,inf
26786,inf
26787,inf
26788,inf
26789,inf
26790,inf
26791,inf
26792,inf
26793,inf
26794,inf
26795,inf
26796,inf
26797,inf
26798,inf
26799,inf
26800,inf
26801,inf
26802,inf
26803,inf
26804,inf
26805,inf
26806,inf
26807,inf
26808,inf
26809,inf
26810,inf
26811,inf
26812,inf
26813,inf
26814,inf
26815,inf
26816,inf
26817,inf
26818,inf
26819,inf
26820,inf
26821,inf
26822,inf
26823,inf
26824,inf
26825,inf
26826,inf
26827,inf
26828,inf
26829,inf
26830,inf
26831,inf
26832,inf
26833,inf
26834,inf
26835,inf
26836,inf
26837,inf
26838,inf
26839,inf
26840,inf
26841,inf
26842,inf
26843,inf
26844,inf
26845,inf
26846,inf
26847,inf
26848,inf
26849,inf
26850,inf
26851,inf
26852,inf
26853,inf
26854,inf
26855,inf
26856,inf
26857,inf
26858,inf
26859,inf
26860,inf
26861,inf
26862,inf
26863,inf
26864,inf
26865,inf
26866,inf
26867,inf
26868,inf
26869,inf
26870,inf
26871,inf
26872,inf
26873,inf
26874,inf
26875,inf
26876,inf
26877,inf
26878,inf
26879,inf
26880,inf
26881,inf
26882,inf
26883,inf
26884,inf
26885,inf
26886,inf
26887,inf
26888,inf
26889,inf
26890,inf
26891,inf
26892,inf
26893,inf
26894,inf
26895,inf
26896,inf
26897,inf
26898,inf
26899,inf
26900,inf
26901,inf
26902,inf
26903,inf
26904,inf
26905,inf
26906,inf
26907,inf
26908,inf
26909,inf
26910,inf
26911,inf
26912,inf
26913,inf
26914,inf
26915,inf
26916,inf
26917,inf
26918,inf
26919,inf
26920,inf
26921,inf
26922,inf
26923,inf
26924,inf
26925,inf
26926,inf
26927,inf
26928,inf
26929,inf
26930,inf
26931,inf
26932,inf
26933,inf
26934,inf
26935,inf
26936,inf
26937,inf
26938,inf
26939,inf
26940,inf
26941,inf
26942,inf
26943,inf
26944,inf
26945,inf
26946,inf
26947,inf
26948,inf
26949,inf
26950,inf
26951,inf
26952,inf
26953,inf
26954,inf
26955,inf
26956,inf
26957,inf
26958,inf
26959,inf
26960,inf
26961,inf
26962,inf
26963,inf
26964,inf
26965,inf
26966,inf
26967,inf
26968,inf
26969,inf
26970,inf
26971,inf
26972,inf
26973,inf
26974,inf
26975,inf
26976,inf
26977,inf
26978,inf
26979,inf
26980,inf
26981,inf
26982,inf
26983,inf
26984,inf
26985,inf
26986,inf
26987,inf
26988,inf
26989,inf
26990,inf
26991,inf
26992,inf
26993,inf
26994,inf
26995,inf
26996,inf
26997,inf
26998,inf
26999,inf
27000,inf
27001,inf
27002,inf
27003,inf
27004,inf
27005,inf
27006,inf
27007,inf
27008,inf
27009,inf
27010,inf
27011,inf
27012,inf
27013,inf
27014,inf
27015,inf
27016,inf
27017,inf
27018,inf
27019,inf
27020,inf
27021,inf
27022,inf
27023,inf
27024,inf
27025,inf
27026,inf
27027,inf
27028,inf
27029,inf
27030,inf
27031,inf
27032,inf
27033,inf
27034,inf
27035,inf
27036,inf
27037,inf
27038,inf
27039,inf
27040,inf
27041,inf
27042,inf
27043,inf
27044,inf
27045,inf
27046,inf
27047,inf
27048,inf
27049,inf
27050,inf
27051,inf
27052,inf
27053,inf
27054,inf
27055,inf
27056,inf
27057,inf
27058,inf
27059,inf
27060,inf
27061,inf
27062,inf
27063,inf
27064,inf
27065,inf
27066,inf
27067,inf
27068,inf
27069,inf
27070,inf
27071,inf
27072,inf
27073,inf
27074,inf
27075,inf
27076,inf
27077,inf
27078,inf
27079,inf
27080,inf
27081,inf
27082,inf
27083,inf
27084,inf
27085,inf
27086,inf
27087,inf
27088,inf
27089,inf
27090,inf
27091,inf
27092,inf
27093,inf
27094,inf
27095,inf
27096,inf
27097,inf
27098,inf
27099,inf
27100,inf
27101,inf
27102,inf
27103,inf
27104,inf
27105,inf
27106,inf
27107,inf
27108,inf
27109,inf
27110,inf
27111,inf
27112,inf
27113,inf
27114,inf
27115,inf
27116,inf
27117,inf
27118,inf
27119,inf
27120,inf
27121,inf
27122,inf
27123,inf
27124,inf
27125,inf
27126,inf
27127,inf
27128,inf
27129,inf
27130,inf
27131,inf
27132,inf
27133,inf
27134,inf
27135,inf
27136,inf
27137,inf
27138,inf
27139,inf
27140,inf
27141,inf
27142,inf
27143,inf
27144,inf
27145,inf
27146,inf
27147,inf
27148,inf
27149,inf
27150,inf
27151,inf
27152,inf
27153,inf
27154,inf
27155,inf
27156,inf
27157,inf
27158,inf
27159,inf
27160,inf
27161,inf
27162,inf
27163,inf
27164,inf
27165,inf
27166,inf
27167,inf
27168,inf
27169,inf
27170,inf
27171,inf
27172,inf
27173,inf
27174,inf
27175,inf
27176,inf
27177,inf
27178,inf
27179,inf
27180,inf
27181,inf
27182,inf
27183,inf
27184,inf
27185,inf
27186,inf
27187,inf
27188,inf
27189,inf
27190,inf
27191,inf
27192,inf
27193,inf
27194,inf
27195,inf
27196,inf
27197,inf
27198,inf
27199,inf
27200,inf
27201,inf
27202,inf
27203,inf
27204,inf
27205,inf
27206,inf
27207,inf
27208,inf
27209,inf
27210,inf
27211,inf
27212,inf
27213,inf
27214,inf
27215,inf
27216,inf
27217,inf
27218,inf
27219,inf
27220,inf
27221,inf
27222,inf
27223,inf
27224,inf
27225,inf
27226,inf
27227,inf
27228,inf
27229,inf
27230,inf
27231,inf
27232,inf
27233,inf
27234,inf
27235,inf
27236,inf
27237,inf
27238,inf
27239,inf
27240,inf
27241,inf
27242,inf
27243,inf
27244,inf
27245,inf
27246,inf
27247,inf
27248,inf
27249,inf
27250,inf
27251,inf
27252,inf
27253,inf
27254,inf
27255,inf
27256,inf
27257,inf
27258,inf
27259,inf
27260,inf
27261,inf
27262,inf
27263,inf
27264,inf
27265,inf
27266,inf
27267,inf
27268,inf
27269,inf
27270,inf
27271,inf
27272,inf
27273,inf
27274,inf
27275,inf
27276,inf
27277,inf
27278,inf
27279,inf
27280,inf
27281,inf
27282,inf
27283,inf
27284,inf
27285,inf
27286,inf
27287,inf
27288,inf
27289,inf
27290,inf
27291,inf
27292,inf
27293,inf
27294,inf
27295,inf
27296,inf
27297,inf
27298,inf
27299,inf
27300,inf
27301,inf
27302,inf
27303,inf
27304,inf
27305,inf
27306,inf
27307,inf
27308,inf
27309,inf
27310,inf
27311,inf
27312,inf
27313,inf
27314,inf
27315,inf
27316,inf
27317,inf
27318,inf
27319,inf
27320,inf
27321,inf
27322,inf
27323,inf
27324,inf
27325,inf
27326,inf
27327,inf
27328,inf
27329,inf
27330,inf
27331,inf
27332,inf
27333,inf
27334,inf
27335,inf
27336,inf
27337,inf
27338,inf
27339,inf
27340,inf
27341,inf
27342,inf
27343,inf
27344,inf
27345,inf
27346,inf
27347,inf
27348,inf
27349,inf
27350,inf
27351,inf
27352,inf
27353,inf
27354,inf
27355,inf
27356,inf
27357,inf
27358,inf
27359,inf
27360,inf
27361,inf
27362,inf
27363,inf
27364,inf
27365,inf
27366,inf
27367,inf
27368,inf
27369,inf
27370,inf
27371,inf
27372,inf
27373,inf
27374,inf
27375,inf
27376,inf
27377,inf
27378,inf
27379,inf
27380,inf
27381,inf
27382,inf
27383,inf
27384,inf
27385,inf
27386,inf
27387,inf
27388,inf
27389,inf
27390,inf
27391,inf
27392,inf
27393,inf
27394,inf
27395,inf
27396,inf
27397,inf
27398,inf
27399,inf
27400,inf
27401,inf
27402,inf
27403,inf
27404,inf
27405,inf
27406,inf
27407,inf
27408,inf
27409,inf
27410,inf
27411,inf
27412,inf
27413,inf
27414,inf
27415,inf
27416,inf
27417,inf
27418,inf
27419,inf
27420,inf
27421,inf
27422,inf
27423,inf
27424,inf
27425,inf
27426,inf
27427,inf
27428,inf
27429,inf
27430,inf
27431,inf
27432,inf
27433,inf
27434,inf
27435,inf
27436,inf
27437,inf
27438,inf
27439,inf
27440,inf
27441,inf
27442,inf
27443,inf
27444,inf
27445,inf
27446,inf
27447,inf
27448,inf
27449,inf
27450,inf
27451,inf
27452,inf
27453,inf
27454,inf
27455,inf
27456,inf
27457,inf
27458,inf
27459,inf
27460,inf
27461,inf
27462,inf
27463,inf
27464,inf
27465,inf
27466,inf
27467,inf
27468,inf
27469,inf
27470,inf
27471,inf
27472,inf
27473,inf
27474,inf
27475,inf
27476,inf
27477,inf
27478,inf
27479,inf
27480,inf
27481,inf
27482,inf
27483,inf
27484,inf
27485,inf
27486,inf
27487,inf
27488,inf
27489,inf
27490,inf
27491,inf
27492,inf
27493,inf
27494,inf
27495,inf
27496,inf
27497,inf
27498,inf
27499,inf
27500,inf
27501,inf
27502,inf
27503,inf
27504,inf
27505,inf
27506,inf
27507,inf
27508,inf
27509,inf
27510,inf
27511,inf
27512,inf
27513,inf
27514,inf
27515,inf
27516,inf
27517,inf
27518,inf
27519,inf
27520,inf
27521,inf
27522,inf
27523,inf
27524,inf
27525,inf
27526,inf
27527,inf
27528,inf
27529,inf
27530,inf
27531,inf
27532,inf
27533,inf
27534,inf
27535,inf
27536,inf
27537,inf
27538,inf
27539,inf
27540,inf
27541,inf
27542,inf
27543,inf
27544,inf
27545,inf
27546,inf
27547,inf
27548,inf
27549,inf
27550,inf
27551,inf
27552,inf
27553,inf
27554,inf
27555,inf
27556,inf
27557,inf
27558,inf
27559,inf
27560,inf
27561,inf
27562,inf
27563,inf
27564,inf
27565,inf
27566,inf
27567,inf
27568,inf
27569,inf
27570,inf
27571,inf
27572,inf
27573,inf
27574,inf
27575,inf
27576,inf
27577,inf
27578,inf
27579,inf
27580,inf
27581,inf
27582,inf
27583,inf
27584,inf
27585,inf
27586,inf
27587,inf
27588,inf
27589,inf
27590,inf
27591,inf
27592,inf
27593,inf
27594,inf
27595,inf
27596,inf
27597,inf
27598,inf
27599,inf
27600,inf
27601,inf
27602,inf
27603,inf
27604,inf
27605,inf
27606,inf
27607,inf
27608,inf
27609,inf
27610,inf
27611,inf
27612,inf
27613,inf
27614,inf
27615,inf
27616,inf
27617,inf
27618,inf
27619,inf
27620,inf
27621,inf
27622,inf
27623,inf
27624,inf
27625,inf
27626,inf
27627,inf
27628,inf
27629,inf
27630,inf
27631,inf
27632,inf
27633,inf
27634,inf
27635,inf
27636,inf
27637,inf
27638,inf
27639,inf
27640,inf
27641,inf
27642,inf
27643,inf
27644,inf
27645,inf
27646,inf
27647,inf
27648,inf
27649,inf
27650,inf
27651,inf
27652,inf
27653,inf
27654,inf
27655,inf
27656,inf
27657,inf
27658,inf
27659,inf
27660,inf
27661,inf
27662,inf
27663,inf
27664,inf
27665,inf
27666,inf
27667,inf
27668,inf
27669,inf
27670,inf
27671,inf
27672,inf
27673,inf
27674,inf
27675,inf
27676,inf
27677,inf
27678,inf
27679,inf
27680,inf
27681,inf
27682,inf
27683,inf
27684,inf
27685,inf
27686,inf
27687,inf
27688,inf
27689,inf
27690,inf
27691,inf
27692,inf
27693,inf
27694,inf
27695,inf
27696,inf
27697,inf
27698,inf
27699,inf
27700,inf
27701,inf
27702,inf
27703,inf
27704,inf
27705,inf
27706,inf
27707,inf
27708,inf
27709,inf
27710,inf
27711,inf
27712,inf
27713,inf
27714,inf
27715,inf
27716,inf
27717,inf
27718,inf
27719,inf
27720,inf
27721,inf
27722,inf
27723,inf
27724,inf
27725,inf
27726,inf
27727,inf
27728,inf
27729,inf
27730,inf
27731,inf
27732,inf
27733,inf
27734,inf
27735,inf
27736,inf
27737,inf
27738,inf
27739,inf
27740,inf
27741,inf
27742,inf
27743,inf
27744,inf
27745,inf
27746,inf
27747,inf
27748,inf
27749,inf
27750,inf
27751,inf
27752,inf
27753,inf
27754,inf
27755,inf
27756,inf
27757,inf
27758,inf
27759,inf
27760,inf
27761,inf
27762,inf
27763,inf
27764,inf
27765,inf
27766,inf
27767,inf
27768,inf
27769,inf
27770,inf
27771,inf
27772,inf
27773,inf
27774,inf
27775,inf
27776,inf
27777,inf
27778,inf
27779,inf
27780,inf
27781,inf
27782,inf
27783,inf
27784,inf
27785,inf
27786,inf
27787,inf
27788,inf
27789,inf
27790,inf
27791,inf
27792,inf
27793,inf
27794,inf
27795,inf
27796,inf
27797,inf
27798,inf
27799,inf
27800,inf
27801,inf
27802,inf
27803,inf
27804,inf
27805,inf
27806,inf
27807,inf
27808,inf
27809,inf
27810,inf
27811,inf
27812,inf
27813,inf
27814,inf
27815,inf
27816,inf
27817,inf
27818,inf
27819,inf
27820,inf
27821,inf
27822,inf
27823,inf
27824,inf
27825,inf
27826,inf
27827,inf
27828,inf
27829,inf
27830,inf
27831,inf
27832,inf
27833,inf
27834,inf
27835,inf
27836,inf
27837,inf
27838,inf
27839,inf
27840,inf
27841,inf
27842,inf
27843,inf
27844,inf
27845,inf
27846,inf
27847,inf
27848,inf
27849,inf
27850,inf
27851,inf
27852,inf
27853,inf
27854,inf
27855,inf
27856,inf
27857,inf
27858,inf
27859,inf
27860,inf
27861,inf
27862,inf
27863,inf
27864,inf
27865,inf
27866,inf
27867,inf
27868,inf
27869,inf
27870,inf
27871,inf
27872,inf
27873,inf
27874,inf
27875,inf
27876,inf
27877,inf
27878,inf
27879,inf
27880,inf
27881,inf
27882,inf
27883,inf
27884,inf
27885,inf
27886,inf
27887,inf
27888,inf
27889,inf
27890,inf
27891,inf
27892,inf
27893,inf
27894,inf
27895,inf
27896,inf
27897,inf
27898,inf
27899,inf
27900,inf
27901,inf
27902,inf
27903,inf
27904,inf
27905,inf
27906,inf
27907,inf
27908,inf
27909,inf
27910,inf
27911,inf
27912,inf
27913,inf
27914,inf
27915,inf
27916,inf
27917,inf
27918,inf
27919,inf
27920,inf
27921,inf
27922,inf
27923,inf
27924,inf
27925,inf
27926,inf
27927,inf
27928,inf
27929,inf
27930,inf
27931,inf
27932,inf
27933,inf
27934,inf
27935,inf
27936,inf
27937,inf
27938,inf
27939,inf
27940,inf
27941,inf
27942,inf
27943,inf
27944,inf
27945,inf
27946,inf
27947,inf
27948,inf
27949,inf
27950,inf
27951,inf
27952,inf
27953,inf
27954,inf
27955,inf
27956,inf
27957,inf
27958,inf
27959,inf
27960,inf
27961,inf
27962,inf
27963,inf
27964,inf
27965,inf
27966,inf
27967,inf
27968,inf
27969,inf
27970,inf
27971,inf
27972,inf
27973,inf
27974,inf
27975,inf
27976,inf
27977,inf
27978,inf
27979,inf
27980,inf
27981,inf
27982,inf
27983,inf
27984,inf
27985,inf
27986,inf
27987,inf
27988,inf
27989,inf
27990,inf
27991,inf
27992,inf
27993,inf
27994,inf
27995,inf
27996,inf
27997,inf
27998,inf
27999,inf
28000,inf
28001,inf
28002,inf
28003,inf
28004,inf
28005,inf
28006,inf
28007,inf
28008,inf
28009,inf
28010,inf
28011,inf
28012,inf
28013,inf
28014,inf
28015,inf
28016,inf
28017,inf
28018,inf
28019,inf
28020,inf
28021,inf
28022,inf
28023,inf
28024,inf
28025,inf
28026,inf
28027,inf
28028,inf
28029,inf
28030,inf
28031,inf
28032,inf
28033,inf
28034,inf
28035,inf
28036,inf
28037,inf
28038,inf
28039,inf
28040,inf
28041,inf
28042,inf
28043,inf
28044,inf
28045,inf
28046,inf
28047,inf
28048,inf
28049,inf
28050,inf
28051,inf
28052,inf
28053,inf
28054,inf
28055,inf
28056,inf
28057,inf
28058,inf
28059,inf
28060,inf
28061,inf
28062,inf
28063,inf
28064,inf
28065,inf
28066,inf
28067,inf
28068,inf
28069,inf
28070,inf
28071,inf
28072,inf
28073,inf
28074,inf
28075,inf
28076,inf
28077,inf
28078,inf
28079,inf
28080,inf
28081,inf
28082,inf
28083,inf
28084,inf
28085,inf
28086,inf
28087,inf
28088,inf
28089,inf
28090,inf
28091,inf
28092,inf
28093,inf
28094,inf
28095,inf
28096,inf
28097,inf
28098,inf
28099,inf
28100,inf
28101,inf
28102,inf
28103,inf
28104,inf
28105,inf
28106,inf
28107,inf
28108,inf
28109,inf
28110,inf
28111,inf
28112,inf
28113,inf
28114,inf
28115,inf
28116,inf
28117,inf
28118,inf
28119,inf
28120,inf
28121,inf
28122,inf
28123,inf
28124,inf
28125,inf
28126,inf
28127,inf
28128,inf
28129,inf
28130,inf
28131,inf
28132,inf
28133,inf
28134,inf
28135,inf
28136,inf
28137,inf
28138,inf
28139,inf
28140,inf
28141,inf
28142,inf
28143,inf
28144,inf
28145,inf
28146,inf
28147,inf
28148,inf
28149,inf
28150,inf
28151,inf
28152,inf
28153,inf
28154,inf
28155,inf
28156,inf
28157,inf
28158,inf
28159,inf
28160,inf
28161,inf
28162,inf
28163,inf
28164,inf
28165,inf
28166,inf
28167,inf
28168,inf
28169,inf
28170,inf
28171,inf
28172,inf
28173,inf
28174,inf
28175,inf
28176,inf
28177,inf
28178,inf
28179,inf
28180,inf
28181,inf
28182,inf
28183,inf
28184,inf
28185,inf
28186,inf
28187,inf
28188,inf
28189,inf
28190,inf
28191,inf
28192,inf
28193,inf
28194,inf
28195,inf
28196,inf
28197,inf
28198,inf
28199,inf
28200,inf
28201,inf
28202,inf
28203,inf
28204,inf
28205,inf
28206,inf
28207,inf
28208,inf
28209,inf
28210,inf
28211,inf
28212,inf
28213,inf
28214,inf
28215,inf
28216,inf
28217,inf
28218,inf
28219,inf
28220,inf
28221,inf
28222,inf
28223,inf
28224,inf
28225,inf
28226,inf
28227,inf
28228,inf
28229,inf
28230,inf
28231,inf
28232,inf
28233,inf
28234,inf
28235,inf
28236,inf
28237,inf
28238,inf
28239,inf
28240,inf
28241,inf
28242,inf
28243,inf
28244,inf
28245,inf
28246,inf
28247,inf
28248,inf
28249,inf
28250,inf
28251,inf
28252,inf
28253,inf
28254,inf
28255,inf
28256,inf
28257,inf
28258,inf
28259,inf
28260,inf
28261,inf
28262,inf
28263,inf
28264,inf
28265,inf
28266,inf
28267,inf
28268,inf
28269,inf
28270,inf
28271,inf
28272,inf
28273,inf
28274,inf
28275,inf
28276,inf
28277,inf
28278,inf
28279,inf
28280,inf
28281,inf
28282,inf
28283,inf
28284,inf
28285,inf
28286,inf
28287,inf
28288,inf
28289,inf
28290,inf
28291,inf
28292,inf
28293,inf
28294,inf
28295,inf
28296,inf
28297,inf
28298,inf
28299,inf
28300,inf
28301,inf
28302,inf
28303,inf
28304,inf
28305,inf
28306,inf
28307,inf
28308,inf
28309,inf
28310,inf
28311,inf
28312,inf
28313,inf
28314,inf
28315,inf
28316,inf
28317,inf
28318,inf
28319,inf
28320,inf
28321,inf
28322,inf
28323,inf
28324,inf
28325,inf
28326,inf
28327,inf
28328,inf
28329,inf
28330,inf
28331,inf
28332,inf
28333,inf
28334,inf
28335,inf
28336,inf
28337,inf
28338,inf
28339,inf
28340,inf
28341,inf
28342,inf
28343,inf
28344,inf
28345,inf
28346,inf
28347,inf
28348,inf
28349,inf
28350,inf
28351,inf
28352,inf
28353,inf
28354,inf
28355,inf
28356,inf
28357,inf
28358,inf
28359,inf
28360,inf
28361,inf
28362,inf
28363,inf
28364,inf
28365,inf
28366,inf
28367,inf
28368,inf
28369,inf
28370,inf
28371,inf
28372,inf
28373,inf
28374,inf
28375,inf
28376,inf
28377,inf
28378,inf
28379,inf
28380,inf
28381,inf
28382,inf
28383,inf
28384,inf
28385,inf
28386,inf
28387,inf
28388,inf
28389,inf
28390,inf
28391,inf
28392,inf
28393,inf
28394,inf
28395,inf
28396,inf
28397,inf
28398,inf
28399,inf
28400,inf
28401,inf
28402,inf
28403,inf
28404,inf
28405,inf
28406,inf
28407,inf
28408,inf
28409,inf
28410,inf
28411,inf
28412,inf
28413,inf
28414,inf
28415,inf
28416,inf
28417,inf
28418,inf
28419,inf
28420,inf
28421,inf
28422,inf
28423,inf
28424,inf
28425,inf
28426,inf
28427,inf
28428,inf
28429,inf
28430,inf
28431,inf
28432,inf
28433,inf
28434,inf
28435,inf
28436,inf
28437,inf
28438,inf
28439,inf
28440,inf
28441,inf
28442,inf
28443,inf
28444,inf
28445,inf
28446,inf
28447,inf
28448,inf
28449,inf
28450,inf
28451,inf
28452,inf
28453,inf
28454,inf
28455,inf
28456,inf
28457,inf
28458,inf
28459,inf
28460,inf
28461,inf
28462,inf
28463,inf
28464,inf
28465,inf
28466,inf
28467,inf
28468,inf
28469,inf
28470,inf
28471,inf
28472,inf
28473,inf
28474,inf
28475,inf
28476,inf
28477,inf
28478,inf
28479,inf
28480,inf
28481,inf
28482,inf
28483,inf
28484,inf
28485,inf
28486,inf
28487,inf
28488,inf
28489,inf
28490,inf
28491,inf
28492,inf
28493,inf
28494,inf
28495,inf
28496,inf
28497,inf
28498,inf
28499,inf
28500,inf
28501,inf
28502,inf
28503,inf
28504,inf
28505,inf
28506,inf
28507,inf
28508,inf
28509,inf
28510,inf
28511,inf
28512,inf
28513,inf
28514,inf
28515,inf
28516,inf
28517,inf
28518,inf
28519,inf
28520,inf
28521,inf
28522,inf
28523,inf
28524,inf
28525,inf
28526,inf
28527,inf
28528,inf
28529,inf
28530,inf
28531,inf
28532,inf
28533,inf
28534,inf
28535,inf
28536,inf
28537,inf
28538,inf
28539,inf
28540,inf
28541,inf
28542,inf
28543,inf
28544,inf
28545,inf
28546,inf
28547,inf
28548,inf
28549,inf
28550,inf
28551,inf
28552,inf
28553,inf
28554,inf
28555,inf
28556,inf
28557,inf
28558,inf
28559,inf
28560,inf
28561,inf
28562,inf
28563,inf
28564,inf
28565,inf
28566,inf
28567,inf
28568,inf
28569,inf
28570,inf
28571,inf
28572,inf
28573,inf
28574,inf
28575,inf
28576,inf
28577,inf
28578,inf
28579,inf
28580,inf
28581,inf
28582,inf
28583,inf
28584,inf
28585,inf
28586,inf
28587,inf
28588,inf
28589,inf
28590,inf
28591,inf
28592,inf
28593,inf
28594,inf
28595,inf
28596,inf
28597,inf
28598,inf
28599,inf
28600,inf
28601,inf
28602,inf
28603,inf
28604,inf
28605,inf
28606,inf
28607,inf
28608,inf
28609,inf
28610,inf
28611,inf
28612,inf
28613,inf
28614,inf
28615,inf
28616,inf
28617,inf
28618,inf
28619,inf
28620,inf
28621,inf
28622,inf
28623,inf
28624,inf
28625,inf
28626,inf
28627,inf
28628,inf
28629,inf
28630,inf
28631,inf
28632,inf
28633,inf
28634,inf
28635,inf
28636,inf
28637,inf
28638,inf
28639,inf
28640,inf
28641,inf
28642,inf
28643,inf
28644,inf
28645,inf
28646,inf
28647,inf
28648,inf
28649,inf
28650,inf
28651,inf
28652,inf
28653,inf
28654,inf
28655,inf
28656,inf
28657,inf
28658,inf
28659,inf
28660,inf
28661,inf
28662,inf
28663,inf
28664,inf
28665,inf
28666,inf
28667,inf
28668,inf
28669,inf
28670,inf
28671,inf
28672,inf
28673,inf
28674,inf
28675,inf
28676,inf
28677,inf
28678,inf
28679,inf
28680,inf
28681,inf
28682,inf
28683,inf
28684,inf
28685,inf
28686,inf
28687,inf
28688,inf
28689,inf
28690,inf
28691,inf
28692,inf
28693,inf
28694,inf
28695,inf
28696,inf
28697,inf
28698,inf
28699,inf
28700,inf
28701,inf
28702,inf
28703,inf
28704,inf
28705,inf
28706,inf
28707,inf
28708,inf
28709,inf
28710,inf
28711,inf
28712,inf
28713,inf
28714,inf
28715,inf
28716,inf
28717,inf
28718,inf
28719,inf
28720,inf
28721,inf
28722,inf
28723,inf
28724,inf
28725,inf
28726,inf
28727,inf
28728,inf
28729,inf
28730,inf
28731,inf
28732,inf
28733,inf
28734,inf
28735,inf
28736,inf
28737,inf
28738,inf
28739,inf
28740,inf
28741,inf
28742,inf
28743,inf
28744,inf
28745,inf
28746,inf
28747,inf
28748,inf
28749,inf
28750,inf
28751,inf
28752,inf
28753,inf
28754,inf
28755,inf
28756,inf
28757,inf
28758,inf
28759,inf
28760,inf
28761,inf
28762,inf
28763,inf
28764,inf
28765,inf
28766,inf
28767,inf
28768,inf
28769,inf
28770,inf
28771,inf
28772,inf
28773,inf
28774,inf
28775,inf
28776,inf
28777,inf
28778,inf
28779,inf
28780,inf
28781,inf
28782,inf
28783,inf
28784,inf
28785,inf
28786,inf
28787,inf
28788,inf
28789,inf
28790,inf
28791,inf
28792,inf
28793,inf
28794,inf
28795,inf
28796,inf
28797,inf
28798,inf
28799,inf
28800,inf
28801,inf
28802,inf
28803,inf
28804,inf
28805,inf
28806,inf
28807,inf
28808,inf
28809,inf
28810,inf
28811,inf
28812,inf
28813,inf
28814,inf
28815,inf
28816,inf
28817,inf
28818,inf
28819,inf
28820,inf
28821,inf
28822,inf
28823,inf
28824,inf
28825,inf
28826,inf
28827,inf
28828,inf
28829,inf
28830,inf
28831,inf
28832,inf
28833,inf
28834,inf
28835,inf
28836,inf
28837,inf
28838,inf
28839,inf
28840,inf
28841,inf
28842,inf
28843,inf
28844,inf
28845,inf
28846,inf
28847,inf
28848,inf
28849,inf
28850,inf
28851,inf
28852,inf
28853,inf
28854,inf
28855,inf
28856,inf
28857,inf
28858,inf
28859,inf
28860,inf
28861,inf
28862,inf
28863,inf
28864,inf
28865,inf
28866,inf
28867,inf
28868,inf
28869,inf
28870,inf
28871,inf
28872,inf
28873,inf
28874,inf
28875,inf
28876,inf
28877,inf
28878,inf
28879,inf
28880,inf
28881,inf
28882,inf
28883,inf
28884,inf
28885,inf
28886,inf
28887,inf
28888,inf
28889,inf
28890,inf
28891,inf
28892,inf
28893,inf
28894,inf
28895,inf
28896,inf
28897,inf
28898,inf
28899,inf
28900,inf
28901,inf
28902,inf
28903,inf
28904,inf
28905,inf
28906,inf
28907,inf
28908,inf
28909,inf
28910,inf
28911,inf
28912,inf
28913,inf
28914,inf
28915,inf
28916,inf
28917,inf
28918,inf
28919,inf
28920,inf
28921,inf
28922,inf
28923,inf
28924,inf
28925,inf
28926,inf
28927,inf
28928,inf
28929,inf
28930,inf
28931,inf
28932,inf
28933,inf
28934,inf
28935,inf
28936,inf
28937,inf
28938,inf
28939,inf
28940,inf
28941,inf
28942,inf
28943,inf
28944,inf
28945,inf
28946,inf
28947,inf
28948,inf
28949,inf
28950,inf
28951,inf
28952,inf
28953,inf
28954,inf
28955,inf
28956,inf
28957,inf
28958,inf
28959,inf
28960,inf
28961,inf
28962,inf
28963,inf
28964,inf
28965,inf
28966,inf
28967,inf
28968,inf
28969,inf
28970,inf
28971,inf
28972,inf
28973,inf
28974,inf
28975,inf
28976,inf
28977,inf
28978,inf
28979,inf
28980,inf
28981,inf
28982,inf
28983,inf
28984,inf
28985,inf
28986,inf
28987,inf
28988,inf
28989,inf
28990,inf
28991,inf
28992,inf
28993,inf
28994,inf
28995,inf
28996,inf
28997,inf
28998,inf
28999,inf
29000,inf
29001,inf
29002,inf
29003,inf
29004,inf
29005,inf
29006,inf
29007,inf
29008,inf
29009,inf
29010,inf
29011,inf
29012,inf
29013,inf
29014,inf
29015,inf
29016,inf
29017,inf
29018,inf
29019,inf
29020,inf
29021,inf
29022,inf
29023,inf
29024,inf
29025,inf
29026,inf
29027,inf
29028,inf
29029,inf
29030,inf
29031,inf
29032,inf
29033,inf
29034,inf
29035,inf
29036,inf
29037,inf
29038,inf
29039,inf
29040,inf
29041,inf
29042,inf
29043,inf
29044,inf
29045,inf
29046,inf
29047,inf
29048,inf
29049,inf
29050,inf
29051,inf
29052,inf
29053,inf
29054,inf
29055,inf
29056,inf
29057,inf
29058,inf
29059,inf
29060,inf
29061,inf
29062,inf
29063,inf
29064,inf
29065,inf
29066,inf
29067,inf
29068,inf
29069,inf
29070,inf
29071,inf
29072,inf
29073,inf
29074,inf
29075,inf
29076,inf
29077,inf
29078,inf
29079,inf
29080,inf
29081,inf
29082,inf
29083,inf
29084,inf
29085,inf
29086,inf
29087,inf
29088,inf
29089,inf
29090,inf
29091,inf
29092,inf
29093,inf
29094,inf
29095,inf
29096,inf
29097,inf
29098,inf
29099,inf
29100,inf
29101,inf
29102,inf
29103,inf
29104,inf
29105,inf
29106,inf
29107,inf
29108,inf
29109,inf
29110,inf
29111,inf
29112,inf
29113,inf
29114,inf
29115,inf
29116,inf
29117,inf
29118,inf
29119,inf
29120,inf
29121,inf
29122,inf
29123,inf
29124,inf
29125,inf
29126,inf
29127,inf
29128,inf
29129,inf
29130,inf
29131,inf
29132,inf
29133,inf
29134,inf
29135,inf
29136,inf
29137,inf
29138,inf
29139,inf
29140,inf
29141,inf
29142,inf
29143,inf
29144,inf
29145,inf
29146,inf
29147,inf
29148,inf
29149,inf
29150,inf
29151,inf
29152,inf
29153,inf
29154,inf
29155,inf
29156,inf
29157,inf
29158,inf
29159,inf
29160,inf
29161,inf
29162,inf
29163,inf
29164,inf
29165,inf
29166,inf
29167,inf
29168,inf
29169,inf
29170,inf
29171,inf
29172,inf
29173,inf
29174,inf
29175,inf
29176,inf
29177,inf
29178,inf
29179,inf
29180,inf
29181,inf
29182,inf
29183,inf
29184,inf
29185,inf
29186,inf
29187,inf
29188,inf
29189,inf
29190,inf
29191,inf
29192,inf
29193,inf
29194,inf
29195,inf
29196,inf
29197,inf
29198,inf
29199,inf
29200,inf
29201,inf
29202,inf
29203,inf
29204,inf
29205,inf
29206,inf
29207,inf
29208,inf
29209,inf
29210,inf
29211,inf
29212,inf
29213,inf
29214,inf
29215,inf
29216,inf
29217,inf
29218,inf
29219,inf
29220,inf
29221,inf
29222,inf
29223,inf
29224,inf
29225,inf
29226,inf
29227,inf
29228,inf
29229,inf
29230,inf
29231,inf
29232,inf
29233,inf
29234,inf
29235,inf
29236,inf
29237,inf
29238,inf
29239,inf
29240,inf
29241,inf
29242,inf
29243,inf
29244,inf
29245,inf
29246,inf
29247,inf
29248,inf
29249,inf
29250,inf
29251,inf
29252,inf
29253,inf
29254,inf
29255,inf
29256,inf
29257,inf
29258,inf
29259,inf
29260,inf
29261,inf
29262,inf
29263,inf
29264,inf
29265,inf
29266,inf
29267,inf
29268,inf
29269,inf
29270,inf
29271,inf
29272,inf
29273,inf
29274,inf
29275,inf
29276,inf
29277,inf
29278,inf
29279,inf
29280,inf
29281,inf
29282,inf
29283,inf
29284,inf
29285,inf
29286,inf
29287,inf
29288,inf
29289,inf
29290,inf
29291,inf
29292,inf
29293,inf
29294,inf
29295,inf
29296,inf
29297,inf
29298,inf
29299,inf
29300,inf
29301,inf
29302,inf
29303,inf
29304,inf
29305,inf
29306,inf
29307,inf
29308,inf
29309,inf
29310,inf
29311,inf
29312,inf
29313,inf
29314,inf
29315,inf
29316,inf
29317,inf
29318,inf
29319,inf
29320,inf
29321,inf
29322,inf
29323,inf
29324,inf
29325,inf
29326,inf
29327,inf
29328,inf
29329,inf
29330,inf
29331,inf
29332,inf
29333,inf
29334,inf
29335,inf
29336,inf
29337,inf
29338,inf
29339,inf
29340,inf
29341,inf
29342,inf
29343,inf
29344,inf
29345,inf
29346,inf
29347,inf
29348,inf
29349,inf
29350,inf
29351,inf
29352,inf
29353,inf
29354,inf
29355,inf
29356,inf
29357,inf
29358,inf
29359,inf
29360,inf
29361,inf
29362,inf
29363,inf
29364,inf
29365,inf
29366,inf
29367,inf
29368,inf
29369,inf
29370,inf
29371,inf
29372,inf
29373,inf
29374,inf
29375,inf
29376,inf
29377,inf
29378,inf
29379,inf
29380,inf
29381,inf
29382,inf
29383,inf
29384,inf
29385,inf
29386,inf
29387,inf
29388,inf
29389,inf
29390,inf
29391,inf
29392,inf
29393,inf
29394,inf
29395,inf
29396,inf
29397,inf
29398,inf
29399,inf
29400,inf
29401,inf
29402,inf
29403,inf
29404,inf
29405,inf
29406,inf
29407,inf
29408,inf
29409,inf
29410,inf
29411,inf
29412,inf
29413,inf
29414,inf
29415,inf
29416,inf
29417,inf
29418,inf
29419,inf
29420,inf
29421,inf
29422,inf
29423,inf
29424,inf
29425,inf
29426,inf
29427,inf
29428,inf
29429,inf
29430,inf
29431,inf
29432,inf
29433,inf
29434,inf
29435,inf
29436,inf
29437,inf
29438,inf
29439,inf
29440,inf
29441,inf
29442,inf
29443,inf
29444,inf
29445,inf
29446,inf
29447,inf
29448,inf
29449,inf
29450,inf
29451,inf
29452,inf
29453,inf
29454,inf
29455,inf
29456,inf
29457,inf
29458,inf
29459,inf
29460,inf
29461,inf
29462,inf
29463,inf
29464,inf
29465,inf
29466,inf
29467,inf
29468,inf
29469,inf
29470,inf
29471,inf
29472,inf
29473,inf
29474,inf
29475,inf
29476,inf
29477,inf
29478,inf
29479,inf
29480,inf
29481,inf
29482,inf
29483,inf
29484,inf
29485,inf
29486,inf
29487,inf
29488,inf
29489,inf
29490,inf
29491,inf
29492,inf
29493,inf
29494,inf
29495,inf
29496,inf
29497,inf
29498,inf
29499,inf
29500,inf
29501,inf
29502,inf
29503,inf
29504,inf
29505,inf
29506,inf
29507,inf
29508,inf
29509,inf
29510,inf
29511,inf
29512,inf
29513,inf
29514,inf
29515,inf
29516,inf
29517,inf
29518,inf
29519,inf
29520,inf
29521,inf
29522,inf
29523,inf
29524,inf
29525,inf
29526,inf
29527,inf
29528,inf
29529,inf
29530,inf
29531,inf
29532,inf
29533,inf
29534,inf
29535,inf
29536,inf
29537,inf
29538,inf
29539,inf
29540,inf
29541,inf
29542,inf
29543,inf
29544,inf
29545,inf
29546,inf
29547,inf
29548,inf
29549,inf
29550,inf
29551,inf
29552,inf
29553,inf
29554,inf
29555,inf
29556,inf
29557,inf
29558,inf
29559,inf
29560,inf
29561,inf
29562,inf
29563,inf
29564,inf
29565,inf
29566,inf
29567,inf
29568,inf
29569,inf
29570,inf
29571,inf
29572,inf
29573,inf
29574,inf
29575,inf
29576,inf
29577,inf
29578,inf
29579,inf
29580,inf
29581,inf
29582,inf
29583,inf
29584,inf
29585,inf
29586,inf
29587,inf
29588,inf
29589,inf
29590,inf
29591,inf
29592,inf
29593,inf
29594,inf
29595,inf
29596,inf
29597,inf
29598,inf
29599,inf
29600,inf
29601,inf
29602,inf
29603,inf
29604,inf
29605,inf
29606,inf
29607,inf
29608,inf
29609,inf
29610,inf
29611,inf
29612,inf
29613,inf
29614,inf
29615,inf
29616,inf
29617,inf
29618,inf
29619,inf
29620,inf
29621,inf
29622,inf
29623,inf
29624,inf
29625,inf
29626,inf
29627,inf
29628,inf
29629,inf
29630,inf
29631,inf
29632,inf
29633,inf
29634,inf
29635,inf
29636,inf
29637,inf
29638,inf
29639,inf
29640,inf
29641,inf
29642,inf
29643,inf
29644,inf
29645,inf
29646,inf
29647,inf
29648,inf
29649,inf
29650,inf
29651,inf
29652,inf
29653,inf
29654,inf
29655,inf
29656,inf
29657,inf
29658,inf
29659,inf
29660,inf
29661,inf
29662,inf
29663,inf
29664,inf
29665,inf
29666,inf
29667,inf
29668,inf
29669,inf
29670,inf
29671,inf
29672,inf
29673,inf
29674,inf
29675,inf
29676,inf
29677,inf
29678,inf
29679,inf
29680,inf
29681,inf
29682,inf
29683,inf
29684,inf
29685,inf
29686,inf
29687,inf
29688,inf
29689,inf
29690,inf
29691,inf
29692,inf
29693,inf
29694,inf
29695,inf
29696,inf
29697,inf
29698,inf
29699,inf
29700,inf
29701,inf
29702,inf
29703,inf
29704,inf
29705,inf
29706,inf
29707,inf
29708,inf
29709,inf
29710,inf
29711,inf
29712,inf
29713,inf
29714,inf
29715,inf
29716,inf
29717,inf
29718,inf
29719,inf
29720,inf
29721,inf
29722,inf
29723,inf
29724,inf
29725,inf
29726,inf
29727,inf
29728,inf
29729,inf
29730,inf
29731,inf
29732,inf
29733,inf
29734,inf
29735,inf
29736,inf
29737,inf
29738,inf
29739,inf
29740,inf
29741,inf
29742,inf
29743,inf
29744,inf
29745,inf
29746,inf
29747,inf
29748,inf
29749,inf
29750,inf
29751,inf
29752,inf
29753,inf
29754,inf
29755,inf
29756,inf
29757,inf
29758,inf
29759,inf
29760,inf
29761,inf
29762,inf
29763,inf
29764,inf
29765,inf
29766,inf
29767,inf
29768,inf
29769,inf
29770,inf
29771,inf
29772,inf
29773,inf
29774,inf
29775,inf
29776,inf
29777,inf
29778,inf
29779,inf
29780,inf
29781,inf
29782,inf
29783,inf
29784,inf
29785,inf
29786,inf
29787,inf
29788,inf
29789,inf
29790,inf
29791,inf
29792,inf
29793,inf
29794,inf
29795,inf
29796,inf
29797,inf
29798,inf
29799,inf
29800,inf
29801,inf
29802,inf
29803,inf
29804,inf
29805,inf
29806,inf
29807,inf
29808,inf
29809,inf
29810,inf
29811,inf
29812,inf
29813,inf
29814,inf
29815,inf
29816,inf
29817,inf
29818,inf
29819,inf
29820,inf
29821,inf
29822,inf
29823,inf
29824,inf
29825,inf
29826,inf
29827,inf
29828,inf
29829,inf
29830,inf
29831,inf
29832,inf
29833,inf
29834,inf
29835,inf
29836,inf
29837,inf
29838,inf
29839,inf
29840,inf
29841,inf
29842,inf
29843,inf
29844,inf
29845,inf
29846,inf
29847,inf
29848,inf
29849,inf
29850,inf
29851,inf
29852,inf
29853,inf
29854,inf
29855,inf
29856,inf
29857,inf
29858,inf
29859,inf
29860,inf
29861,inf
29862,inf
29863,inf
29864,inf
29865,inf
29866,inf
29867,inf
29868,inf
29869,inf
29870,inf
29871,inf
29872,inf
29873,inf
29874,inf
29875,inf
29876,inf
29877,inf
29878,inf
29879,inf
29880,inf
29881,inf
29882,inf
29883,inf
29884,inf
29885,inf
29886,inf
29887,inf
29888,inf
29889,inf
29890,inf
29891,inf
29892,inf
29893,inf
29894,inf
29895,inf
29896,inf
29897,inf
29898,inf
29899,inf
29900,inf
29901,inf
29902,inf
29903,inf
29904,inf
29905,inf
29906,inf
29907,inf
29908,inf
29909,inf
29910,inf
29911,inf
29912,inf
29913,inf
29914,inf
29915,inf
29916,inf
29917,inf
29918,inf
29919,inf
29920,inf
29921,inf
29922,inf
29923,inf
29924,inf
29925,inf
29926,inf
29927,inf
29928,inf
29929,inf
29930,inf
29931,inf
29932,inf
29933,inf
29934,inf
29935,inf
29936,inf
29937,inf
29938,inf
29939,inf
29940,inf
29941,inf
29942,inf
29943,inf
29944,inf
29945,inf
29946,inf
29947,inf
29948,inf
29949,inf
29950,inf
29951,inf
29952,inf
29953,inf
29954,inf
29955,inf
29956,inf
29957,inf
29958,inf
29959,inf
29960,inf
29961,inf
29962,inf
29963,inf
29964,inf
29965,inf
29966,inf
29967,inf
29968,inf
29969,inf
29970,inf
29971,inf
29972,inf
29973,inf
29974,inf
29975,inf
29976,inf
29977,inf
29978,inf
29979,inf
29980,inf
29981,inf
29982,inf
29983,inf
29984,inf
29985,inf
29986,inf
29987,inf
29988,inf
29989,inf
29990,inf
29991,inf
29992,inf
29993,inf
29994,inf
29995,inf
29996,inf
29997,inf
29998,inf
29999,inf
30000,inf
30001,inf
30002,inf
30003,inf
30004,inf
30005,inf
30006,inf
30007,inf
30008,inf
30009,inf
30010,inf
30011,inf
30012,inf
30013,inf
30014,inf
30015,inf
30016,inf
30017,inf
30018,inf
30019,inf
30020,inf
30021,inf
30022,inf
30023,inf
30024,inf
30025,inf
30026,inf
30027,inf
30028,inf
30029,inf
30030,inf
30031,inf
30032,inf
30033,inf
30034,inf
30035,inf
30036,inf
30037,inf
30038,inf
30039,inf
30040,inf
30041,inf
30042,inf
30043,inf
30044,inf
30045,inf
30046,inf
30047,inf
30048,inf
30049,inf
30050,inf
30051,inf
30052,inf
30053,inf
30054,inf
30055,inf
30056,inf
30057,inf
30058,inf
30059,inf
30060,inf
30061,inf
30062,inf
30063,inf
30064,inf
30065,inf
30066,inf
30067,inf
30068,inf
30069,inf
30070,inf
30071,inf
30072,inf
30073,inf
30074,inf
30075,inf
30076,inf
30077,inf
30078,inf
30079,inf
30080,inf
30081,inf
30082,inf
30083,inf
30084,inf
30085,inf
30086,inf
30087,inf
30088,inf
30089,inf
30090,inf
30091,inf
30092,inf
30093,inf
30094,inf
30095,inf
30096,inf
30097,inf
30098,inf
30099,inf
30100,inf
30101,inf
30102,inf
30103,inf
30104,inf
30105,inf
30106,inf
30107,inf
30108,inf
30109,inf
30110,inf
30111,inf
30112,inf
30113,inf
30114,inf
30115,inf
30116,inf
30117,inf
30118,inf
30119,inf
30120,inf
30121,inf
30122,inf
30123,inf
30124,inf
30125,inf
30126,inf
30127,inf
30128,inf
30129,inf
30130,inf
30131,inf
30132,inf
30133,inf
30134,inf
30135,inf
30136,inf
30137,inf
30138,inf
30139,inf
30140,inf
30141,inf
30142,inf
30143,inf
30144,inf
30145,inf
30146,inf
30147,inf
30148,inf
30149,inf
30150,inf
30151,inf
30152,inf
30153,inf
30154,inf
30155,inf
30156,inf
30157,inf
30158,inf
30159,inf
30160,inf
30161,inf
30162,inf
30163,inf
30164,inf
30165,inf
30166,inf
30167,inf
30168,inf
30169,inf
30170,inf
30171,inf
30172,inf
30173,inf
30174,inf
30175,inf
30176,inf
30177,inf
30178,inf
30179,inf
30180,inf
30181,inf
30182,inf
30183,inf
30184,inf
30185,inf
30186,inf
30187,inf
30188,inf
30189,inf
30190,inf
30191,inf
30192,inf
30193,inf
30194,inf
30195,inf
30196,inf
30197,inf
30198,inf
30199,inf
30200,inf
30201,inf
30202,inf
30203,inf
30204,inf
30205,inf
30206,inf
30207,inf
30208,inf
30209,inf
30210,inf
30211,inf
30212,inf
30213,inf
30214,inf
30215,inf
30216,inf
30217,inf
30218,inf
30219,inf
30220,inf
30221,inf
30222,inf
30223,inf
30224,inf
30225,inf
30226,inf
30227,inf
30228,inf
30229,inf
30230,inf
30231,inf
30232,inf
30233,inf
30234,inf
30235,inf
30236,inf
30237,inf
30238,inf
30239,inf
30240,inf
30241,inf
30242,inf
30243,inf
30244,inf
30245,inf
30246,inf
30247,inf
30248,inf
30249,inf
30250,inf
30251,inf
30252,inf
30253,inf
30254,inf
30255,inf
30256,inf
30257,inf
30258,inf
30259,inf
30260,inf
30261,inf
30262,inf
30263,inf
30264,inf
30265,inf
30266,inf
30267,inf
30268,inf
30269,inf
30270,inf
30271,inf
30272,inf
30273,inf
30274,inf
30275,inf
30276,inf
30277,inf
30278,inf
30279,inf
30280,inf
30281,inf
30282,inf
30283,inf
30284,inf
30285,inf
30286,inf
30287,inf
30288,inf
30289,inf
30290,inf
30291,inf
30292,inf
30293,inf
30294,inf
30295,inf
30296,inf
30297,inf
30298,inf
30299,inf
30300,inf
30301,inf
30302,inf
30303,inf
30304,inf
30305,inf
30306,inf
30307,inf
30308,inf
30309,inf
30310,inf
30311,inf
30312,inf
30313,inf
30314,inf
30315,inf
30316,inf
30317,inf
30318,inf
30319,inf
30320,inf
30321,inf
30322,inf
30323,inf
30324,inf
30325,inf
30326,inf
30327,inf
30328,inf
30329,inf
30330,inf
30331,inf
30332,inf
30333,inf
30334,inf
30335,inf
30336,inf
30337,inf
30338,inf
30339,inf
30340,inf
30341,inf
30342,inf
30343,inf
30344,inf
30345,inf
30346,inf
30347,inf
30348,inf
30349,inf
30350,inf
30351,inf
30352,inf
30353,inf
30354,inf
30355,inf
30356,inf
30357,inf
30358,inf
30359,inf
30360,inf
30361,inf
30362,inf
30363,inf
30364,inf
30365,inf
30366,inf
30367,inf
30368,inf
30369,inf
30370,inf
30371,inf
30372,inf
30373,inf
30374,inf
30375,inf
30376,inf
30377,inf
30378,inf
30379,inf
30380,inf
30381,inf
30382,inf
30383,inf
30384,inf
30385,inf
30386,inf
30387,inf
30388,inf
30389,inf
30390,inf
30391,inf
30392,inf
30393,inf
30394,inf
30395,inf
30396,inf
30397,inf
30398,inf
30399,inf
30400,inf
30401,inf
30402,inf
30403,inf
30404,inf
30405,inf
30406,inf
30407,inf
30408,inf
30409,inf
30410,inf
30411,inf
30412,inf
30413,inf
30414,inf
30415,inf
30416,inf
30417,inf
30418,inf
30419,inf
30420,inf
30421,inf
30422,inf
30423,inf
30424,inf
30425,inf
30426,inf
30427,inf
30428,inf
30429,inf
30430,inf
30431,inf
30432,inf
30433,inf
30434,inf
30435,inf
30436,inf
30437,inf
30438,inf
30439,inf
30440,inf
30441,inf
30442,inf
30443,inf
30444,inf
30445,inf
30446,inf
30447,inf
30448,inf
30449,inf
30450,inf
30451,inf
30452,inf
30453,inf
30454,inf
30455,inf
30456,inf
30457,inf
30458,inf
30459,inf
30460,inf
30461,inf
30462,inf
30463,inf
30464,inf
30465,inf
30466,inf
30467,inf
30468,inf
30469,inf
30470,inf
30471,inf
30472,inf
30473,inf
30474,inf
30475,inf
30476,inf
30477,inf
30478,inf
30479,inf
30480,inf
30481,inf
30482,inf
30483,inf
30484,inf
30485,inf
30486,inf
30487,inf
30488,inf
30489,inf
30490,inf
30491,inf
30492,inf
30493,inf
30494,inf
30495,inf
30496,inf
30497,inf
30498,inf
30499,inf
30500,inf
30501,inf
30502,inf
30503,inf
30504,inf
30505,inf
30506,inf
30507,inf
30508,inf
30509,inf
30510,inf
30511,inf
30512,inf
30513,inf
30514,inf
30515,inf
30516,inf
30517,inf
30518,inf
30519,inf
30520,inf
30521,inf
30522,inf
30523,inf
30524,inf
30525,inf
30526,inf
30527,inf
30528,inf
30529,inf
30530,inf
30531,inf
30532,inf
30533,inf
30534,inf
30535,inf
30536,inf
30537,inf
30538,inf
30539,inf
30540,inf
30541,inf
30542,inf
30543,inf
30544,inf
30545,inf
30546,inf
30547,inf
30548,inf
30549,inf
30550,inf
30551,inf
30552,inf
30553,inf
30554,inf
30555,inf
30556,inf
30557,inf
30558,inf
30559,inf
30560,inf
30561,inf
30562,inf
30563,inf
30564,inf
30565,inf
30566,inf
30567,inf
30568,inf
30569,inf
30570,inf
30571,inf
30572,inf
30573,inf
30574,inf
30575,inf
30576,inf
30577,inf
30578,inf
30579,inf
30580,inf
30581,inf
30582,inf
30583,inf
30584,inf
30585,inf
30586,inf
30587,inf
30588,inf
30589,inf
30590,inf
30591,inf
30592,inf
30593,inf
30594,inf
30595,inf
30596,inf
30597,inf
30598,inf
30599,inf
30600,inf
30601,inf
30602,inf
30603,inf
30604,inf
30605,inf
30606,inf
30607,inf
30608,inf
30609,inf
30610,inf
30611,inf
30612,inf
30613,inf
30614,inf
30615,inf
30616,inf
30617,inf
30618,inf
30619,inf
30620,inf
30621,inf
30622,inf
30623,inf
30624,inf
30625,inf
30626,inf
30627,inf
30628,inf
30629,inf
30630,inf
30631,inf
30632,inf
30633,inf
30634,inf
30635,inf
30636,inf
30637,inf
30638,inf
30639,inf
30640,inf
30641,inf
30642,inf
30643,inf
30644,inf
30645,inf
30646,inf
30647,inf
30648,inf
30649,inf
30650,inf
30651,inf
30652,inf
30653,inf
30654,inf
30655,inf
30656,inf
30657,inf
30658,inf
30659,inf
30660,inf
30661,inf
30662,inf
30663,inf
30664,inf
30665,inf
30666,inf
30667,inf
30668,inf
30669,inf
30670,inf
30671,inf
30672,inf
30673,inf
30674,inf
30675,inf
30676,inf
30677,inf
30678,inf
30679,inf
30680,inf
30681,inf
30682,inf
30683,inf
30684,inf
30685,inf
30686,inf
30687,inf
30688,inf
30689,inf
30690,inf
30691,inf
30692,inf
30693,inf
30694,inf
30695,inf
30696,inf
30697,inf
30698,inf
30699,inf
30700,inf
30701,inf
30702,inf
30703,inf
30704,inf
30705,inf
30706,inf
30707,inf
30708,inf
30709,inf
30710,inf
30711,inf
30712,inf
30713,inf
30714,inf
30715,inf
30716,inf
30717,inf
30718,inf
30719,inf
30720,inf
30721,inf
30722,inf
30723,inf
30724,inf
30725,inf
30726,inf
30727,inf
30728,inf
30729,inf
30730,inf
30731,inf
30732,inf
30733,inf
30734,inf
30735,inf
30736,inf
30737,inf
30738,inf
30739,inf
30740,inf
30741,inf
30742,inf
30743,inf
30744,inf
30745,inf
30746,inf
30747,inf
30748,inf
30749,inf
30750,inf
30751,inf
30752,inf
30753,inf
30754,inf
30755,inf
30756,inf
30757,inf
30758,inf
30759,inf
30760,inf
30761,inf
30762,inf
30763,inf
30764,inf
30765,inf
30766,inf
30767,inf
30768,inf
30769,inf
30770,inf
30771,inf
30772,inf
30773,inf
30774,inf
30775,inf
30776,inf
30777,inf
30778,inf
30779,inf
30780,inf
30781,inf
30782,inf
30783,inf
30784,inf
30785,inf
30786,inf
30787,inf
30788,inf
30789,inf
30790,inf
30791,inf
30792,inf
30793,inf
30794,inf
30795,inf
30796,inf
30797,inf
30798,inf
30799,inf
30800,inf
30801,inf
30802,inf
30803,inf
30804,inf
30805,inf
30806,inf
30807,inf
30808,inf
30809,inf
30810,inf
30811,inf
30812,inf
30813,inf
30814,inf
30815,inf
30816,inf
30817,inf
30818,inf
30819,inf
30820,inf
30821,inf
30822,inf
30823,inf
30824,inf
30825,inf
30826,inf
30827,inf
30828,inf
30829,inf
30830,inf
30831,inf
30832,inf
30833,inf
30834,inf
30835,inf
30836,inf
30837,inf
30838,inf
30839,inf
30840,inf
30841,inf
30842,inf
30843,inf
30844,inf
30845,inf
30846,inf
30847,inf
30848,inf
30849,inf
30850,inf
30851,inf
30852,inf
30853,inf
30854,inf
30855,inf
30856,inf
30857,inf
30858,inf
30859,inf
30860,inf
30861,inf
30862,inf
30863,inf
30864,inf
30865,inf
30866,inf
30867,inf
30868,inf
30869,inf
30870,inf
30871,inf
30872,inf
30873,inf
30874,inf
30875,inf
30876,inf
30877,inf
30878,inf
30879,inf
30880,inf
30881,inf
30882,inf
30883,inf
30884,inf
30885,inf
30886,inf
30887,inf
30888,inf
30889,inf
30890,inf
30891,inf
30892,inf
30893,inf
30894,inf
30895,inf
30896,inf
30897,inf
30898,inf
30899,inf
30900,inf
30901,inf
30902,inf
30903,inf
30904,inf
30905,inf
30906,inf
30907,inf
30908,inf
30909,inf
30910,inf
30911,inf
30912,inf
30913,inf
30914,inf
30915,inf
30916,inf
30917,inf
30918,inf
30919,inf
30920,inf
30921,inf
30922,inf
30923,inf
30924,inf
30925,inf
30926,inf
30927,inf
30928,inf
30929,inf
30930,inf
30931,inf
30932,inf
30933,inf
30934,inf
30935,inf
30936,inf
30937,inf
30938,inf
30939,inf
30940,inf
30941,inf
30942,inf
30943,inf
30944,inf
30945,inf
30946,inf
30947,inf
30948,inf
30949,inf
30950,inf
30951,inf
30952,inf
30953,inf
30954,inf
30955,inf
30956,inf
30957,inf
30958,inf
30959,inf
30960,inf
30961,inf
30962,inf
30963,inf
30964,inf
30965,inf
30966,inf
30967,inf
30968,inf
30969,inf
30970,inf
30971,inf
30972,inf
30973,inf
30974,inf
30975,inf
30976,inf
30977,inf
30978,inf
30979,inf
30980,inf
30981,inf
30982,inf
30983,inf
30984,inf
30985,inf
30986,inf
30987,inf
30988,inf
30989,inf
30990,inf
30991,inf
30992,inf
30993,inf
30994,inf
30995,inf
30996,inf
30997,inf
30998,inf
30999,inf
31000,inf
31001,inf
31002,inf
31003,inf
31004,inf
31005,inf
31006,inf
31007,inf
31008,inf
31009,inf
31010,inf
31011,inf
31012,inf
31013,inf
31014,inf
31015,inf
31016,inf
31017,inf
31018,inf
31019,inf
31020,inf
31021,inf
31022,inf
31023,inf
31024,inf
31025,inf
31026,inf
31027,inf
31028,inf
31029,inf
31030,inf
31031,inf
31032,inf
31033,inf
31034,inf
31035,inf
31036,inf
31037,inf
31038,inf
31039,inf
31040,inf
31041,inf
31042,inf
31043,inf
31044,inf
31045,inf
31046,inf
31047,inf
31048,inf
31049,inf
31050,inf
31051,inf
31052,inf
31053,inf
31054,inf
31055,inf
31056,inf
31057,inf
31058,inf
31059,inf
31060,inf
31061,inf
31062,inf
31063,inf
31064,inf
31065,inf
31066,inf
31067,inf
31068,inf
31069,inf
31070,inf
31071,inf
31072,inf
31073,inf
31074,inf
31075,inf
31076,inf
31077,inf
31078,inf
31079,inf
31080,inf
31081,inf
31082,inf
31083,inf
31084,inf
31085,inf
31086,inf
31087,inf
31088,inf
31089,inf
31090,inf
31091,inf
31092,inf
31093,inf
31094,inf
31095,inf
31096,inf
31097,inf
31098,inf
31099,inf
31100,inf
31101,inf
31102,inf
31103,inf
31104,inf
31105,inf
31106,inf
31107,inf
31108,inf
31109,inf
31110,inf
31111,inf
31112,inf
31113,inf
31114,inf
31115,inf
31116,inf
31117,inf
31118,inf
31119,inf
31120,inf
31121,inf
31122,inf
31123,inf
31124,inf
31125,inf
31126,inf
31127,inf
31128,inf
31129,inf
31130,inf
31131,inf
31132,inf
31133,inf
31134,inf
31135,inf
31136,inf
31137,inf
31138,inf
31139,inf
31140,inf
31141,inf
31142,inf
31143,inf
31144,inf
31145,inf
31146,inf
31147,inf
31148,inf
31149,inf
31150,inf
31151,inf
31152,inf
31153,inf
31154,inf
31155,inf
31156,inf
31157,inf
31158,inf
31159,inf
31160,inf
31161,inf
31162,inf
31163,inf
31164,inf
31165,inf
31166,inf
31167,inf
31168,inf
31169,inf
31170,inf
31171,inf
31172,inf
31173,inf
31174,inf
31175,inf
31176,inf
31177,inf
31178,inf
31179,inf
31180,inf
31181,inf
31182,inf
31183,inf
31184,inf
31185,inf
31186,inf
31187,inf
31188,inf
31189,inf
31190,inf
31191,inf
31192,inf
31193,inf
31194,inf
31195,inf
31196,inf
31197,inf
31198,inf
31199,inf
31200,inf
31201,inf
31202,inf
31203,inf
31204,inf
31205,inf
31206,inf
31207,inf
31208,inf
31209,inf
31210,inf
31211,inf
31212,inf
31213,inf
31214,inf
31215,inf
31216,inf
31217,inf
31218,inf
31219,inf
31220,inf
31221,inf
31222,inf
31223,inf
31224,inf
31225,inf
31226,inf
31227,inf
31228,inf
31229,inf
31230,inf
31231,inf
31232,inf
31233,inf
31234,inf
31235,inf
31236,inf
31237,inf
31238,inf
31239,inf
31240,inf
31241,inf
31242,inf
31243,inf
31244,inf
31245,inf
31246,inf
31247,inf
31248,inf
31249,inf
31250,inf
31251,inf
31252,inf
31253,inf
31254,inf
31255,inf
31256,inf
31257,inf
31258,inf
31259,inf
31260,inf
31261,inf
31262,inf
31263,inf
31264,inf
31265,inf
31266,inf
31267,inf
31268,inf
31269,inf
31270,inf
31271,inf
31272,inf
31273,inf
31274,inf
31275,inf
31276,inf
31277,inf
31278,inf
31279,inf
31280,inf
31281,inf
31282,inf
31283,inf
31284,inf
31285,inf
31286,inf
31287,inf
31288,inf
31289,inf
31290,inf
31291,inf
31292,inf
31293,inf
31294,inf
31295,inf
31296,inf
31297,inf
31298,inf
31299,inf
31300,inf
31301,inf
31302,inf
31303,inf
31304,inf
31305,inf
31306,inf
31307,inf
31308,inf
31309,inf
31310,inf
31311,inf
31312,inf
31313,inf
31314,inf
31315,inf
31316,inf
31317,inf
31318,inf
31319,inf
31320,inf
31321,inf
31322,inf
31323,inf
31324,inf
31325,inf
31326,inf
31327,inf
31328,inf
31329,inf
31330,inf
31331,inf
31332,inf
31333,inf
31334,inf
31335,inf
31336,inf
31337,inf
31338,inf
31339,inf
31340,inf
31341,inf
31342,inf
31343,inf
31344,inf
31345,inf
31346,inf
31347,inf
31348,inf
31349,inf
31350,inf
31351,inf
31352,inf
31353,inf
31354,inf
31355,inf
31356,inf
31357,inf
31358,inf
31359,inf
31360,inf
31361,inf
31362,inf
31363,inf
31364,inf
31365,inf
31366,inf
31367,inf
31368,inf
31369,inf
31370,inf
31371,inf
31372,inf
31373,inf
31374,inf
31375,inf
31376,inf
31377,inf
31378,inf
31379,inf
31380,inf
31381,inf
31382,inf
31383,inf
31384,inf
31385,inf
31386,inf
31387,inf
31388,inf
31389,inf
31390,inf
31391,inf
31392,inf
31393,inf
31394,inf
31395,inf
31396,inf
31397,inf
31398,inf
31399,inf
31400,inf
31401,inf
31402,inf
31403,inf
31404,inf
31405,inf
31406,inf
31407,inf
31408,inf
31409,inf
31410,inf
31411,inf
31412,inf
31413,inf
31414,inf
31415,inf
31416,inf
31417,inf
31418,inf
31419,inf
31420,inf
31421,inf
31422,inf
31423,inf
31424,inf
31425,inf
31426,inf
31427,inf
31428,inf
31429,inf
31430,inf
31431,inf
31432,inf
31433,inf
31434,inf
31435,inf
31436,inf
31437,inf
31438,inf
31439,inf
31440,inf
31441,inf
31442,inf
31443,inf
31444,inf
31445,inf
31446,inf
31447,inf
31448,inf
31449,inf
31450,inf
31451,inf
31452,inf
31453,inf
31454,inf
31455,inf
31456,inf
31457,inf
31458,inf
31459,inf
31460,inf
31461,inf
31462,inf
31463,inf
31464,inf
31465,inf
31466,inf
31467,inf
31468,inf
31469,inf
31470,inf
31471,inf
31472,inf
31473,inf
31474,inf
31475,inf
31476,inf
31477,inf
31478,inf
31479,inf
31480,inf
31481,inf
31482,inf
31483,inf
31484,inf
31485,inf
31486,inf
31487,inf
31488,inf
31489,inf
31490,inf
31491,inf
31492,inf
31493,inf
31494,inf
31495,inf
31496,inf
31497,inf
31498,inf
31499,inf
31500,inf
31501,inf
31502,inf
31503,inf
31504,inf
31505,inf
31506,inf
31507,inf
31508,inf
31509,inf
31510,inf
31511,inf
31512,inf
31513,inf
31514,inf
31515,inf
31516,inf
31517,inf
31518,inf
31519,inf
31520,inf
31521,inf
31522,inf
31523,inf
31524,inf
31525,inf
31526,inf
31527,inf
31528,inf
31529,inf
31530,inf
31531,inf
31532,inf
31533,inf
31534,inf
31535,inf
31536,inf
31537,inf
31538,inf
31539,inf
31540,inf
31541,inf
31542,inf
31543,inf
31544,inf
31545,inf
31546,inf
31547,inf
31548,inf
31549,inf
31550,inf
31551,inf
31552,inf
31553,inf
31554,inf
31555,inf
31556,inf
31557,inf
31558,inf
31559,inf
31560,inf
31561,inf
31562,inf
31563,inf
31564,inf
31565,inf
31566,inf
31567,inf
31568,inf
31569,inf
31570,inf
31571,inf
31572,inf
31573,inf
31574,inf
31575,inf
31576,inf
31577,inf
31578,inf
31579,inf
31580,inf
31581,inf
31582,inf
31583,inf
31584,inf
31585,inf
31586,inf
31587,inf
31588,inf
31589,inf
31590,inf
31591,inf
31592,inf
31593,inf
31594,inf
31595,inf
31596,inf
31597,inf
31598,inf
31599,inf
31600,inf
31601,inf
31602,inf
31603,inf
31604,inf
31605,inf
31606,inf
31607,inf
31608,inf
31609,inf
31610,inf
31611,inf
31612,inf
31613,inf
31614,inf
31615,inf
31616,inf
31617,inf
31618,inf
31619,inf
31620,inf
31621,inf
31622,inf
31623,inf
31624,inf
31625,inf
31626,inf
31627,inf
31628,inf
31629,inf
31630,inf
31631,inf
31632,inf
31633,inf
31634,inf
31635,inf
31636,inf
31637,inf
31638,inf
31639,inf
31640,inf
31641,inf
31642,inf
31643,inf
31644,inf
31645,inf
31646,inf
31647,inf
31648,inf
31649,inf
31650,inf
31651,inf
31652,inf
31653,inf
31654,inf
31655,inf
31656,inf
31657,inf
31658,inf
31659,inf
31660,inf
31661,inf
31662,inf
31663,inf
31664,inf
31665,inf
31666,inf
31667,inf
31668,inf
31669,inf
31670,inf
31671,inf
31672,inf
31673,inf
31674,inf
31675,inf
31676,inf
31677,inf
31678,inf
31679,inf
31680,inf
31681,inf
31682,inf
31683,inf
31684,inf
31685,inf
31686,inf
31687,inf
31688,inf
31689,inf
31690,inf
31691,inf
31692,inf
31693,inf
31694,inf
31695,inf
31696,inf
31697,inf
31698,inf
31699,inf
31700,inf
31701,inf
31702,inf
31703,inf
31704,inf
31705,inf
31706,inf
31707,inf
31708,inf
31709,inf
31710,inf
31711,inf
31712,inf
31713,inf
31714,inf
31715,inf
31716,inf
31717,inf
31718,inf
31719,inf
31720,inf
31721,inf
31722,inf
31723,inf
31724,inf
31725,inf
31726,inf
31727,inf
31728,inf
31729,inf
31730,inf
31731,inf
31732,inf
31733,inf
31734,inf
31735,inf
31736,inf
31737,inf
31738,inf
31739,inf
31740,inf
31741,inf
31742,inf
31743,inf
31744,inf
31745,inf
31746,inf
31747,inf
31748,inf
31749,inf
31750,inf
31751,inf
31752,inf
31753,inf
31754,inf
31755,inf
31756,inf
31757,inf
31758,inf
31759,inf
31760,inf
31761,inf
31762,inf
31763,inf
31764,inf
31765,inf
31766,inf
31767,inf
31768,inf
31769,inf
31770,inf
31771,inf
31772,inf
31773,inf
31774,inf
31775,inf
31776,inf
31777,inf
31778,inf
31779,inf
31780,inf
31781,inf
31782,inf
31783,inf
31784,inf
31785,inf
31786,inf
31787,inf
31788,inf
31789,inf
31790,inf
31791,inf
31792,inf
31793,inf
31794,inf
31795,inf
31796,inf
31797,inf
31798,inf
31799,inf
31800,inf
31801,inf
31802,inf
31803,inf
31804,inf
31805,inf
31806,inf
31807,inf
31808,inf
31809,inf
31810,inf
31811,inf
31812,inf
31813,inf
31814,inf
31815,inf
31816,inf
31817,inf
31818,inf
31819,inf
31820,inf
31821,inf
31822,inf
31823,inf
31824,inf
31825,inf
31826,inf
31827,inf
31828,inf
31829,inf
31830,inf
31831,inf
31832,inf
31833,inf
31834,inf
31835,inf
31836,inf
31837,inf
31838,inf
31839,inf
31840,inf
31841,inf
31842,inf
31843,inf
31844,inf
31845,inf
31846,inf
31847,inf
31848,inf
31849,inf
31850,inf
31851,inf
31852,inf
31853,inf
31854,inf
31855,inf
31856,inf
31857,inf
31858,inf
31859,inf
31860,inf
31861,inf
31862,inf
31863,inf
31864,inf
31865,inf
31866,inf
31867,inf
31868,inf
31869,inf
31870,inf
31871,inf
31872,inf
31873,inf
31874,inf
31875,inf
31876,inf
31877,inf
31878,inf
31879,inf
31880,inf
31881,inf
31882,inf
31883,inf
31884,inf
31885,inf
31886,inf
31887,inf
31888,inf
31889,inf
31890,inf
31891,inf
31892,inf
31893,inf
31894,inf
31895,inf
31896,inf
31897,inf
31898,inf
31899,inf
31900,inf
31901,inf
31902,inf
31903,inf
31904,inf
31905,inf
31906,inf
31907,inf
31908,inf
31909,inf
31910,inf
31911,inf
31912,inf
31913,inf
31914,inf
31915,inf
31916,inf
31917,inf
31918,inf
31919,inf
31920,inf
31921,inf
31922,inf
31923,inf
31924,inf
31925,inf
31926,inf
31927,inf
31928,inf
31929,inf
31930,inf
31931,inf
31932,inf
31933,inf
31934,inf
31935,inf
31936,inf
31937,inf
31938,inf
31939,inf
31940,inf
31941,inf
31942,inf
31943,inf
31944,inf
31945,inf
31946,inf
31947,inf
31948,inf
31949,inf
31950,inf
31951,inf
31952,inf
31953,inf
31954,inf
31955,inf
31956,inf
31957,inf
31958,inf
31959,inf
31960,inf
31961,inf
31962,inf
31963,inf
31964,inf
31965,inf
31966,inf
31967,inf
31968,inf
31969,inf
31970,inf
31971,inf
31972,inf
31973,inf
31974,inf
31975,inf
31976,inf
31977,inf
31978,inf
31979,inf
31980,inf
31981,inf
31982,inf
31983,inf
31984,inf
31985,inf
31986,inf
31987,inf
31988,inf
31989,inf
31990,inf
31991,inf
31992,inf
31993,inf
31994,inf
31995,inf
31996,inf
31997,inf
31998,inf
31999,inf
32000,inf
32001,inf
32002,inf
32003,inf
32004,inf
32005,inf
32006,inf
32007,inf
32008,inf
32009,inf
32010,inf
32011,inf
32012,inf
32013,inf
32014,inf
32015,inf
32016,inf
32017,inf
32018,inf
32019,inf
32020,inf
32021,inf
32022,inf
32023,inf
32024,inf
32025,inf
32026,inf
32027,inf
32028,inf
32029,inf
32030,inf
32031,inf
32032,inf
32033,inf
32034,inf
32035,inf
32036,inf
32037,inf
32038,inf
32039,inf
32040,inf
32041,inf
32042,inf
32043,inf
32044,inf
32045,inf
32046,inf
32047,inf
32048,inf
32049,inf
32050,inf
32051,inf
32052,inf
32053,inf
32054,inf
32055,inf
32056,inf
32057,inf
32058,inf
32059,inf
32060,inf
32061,inf
32062,inf
32063,inf
32064,inf
32065,inf
32066,inf
32067,inf
32068,inf
32069,inf
32070,inf
32071,inf
32072,inf
32073,inf
32074,inf
32075,inf
32076,inf
32077,inf
32078,inf
32079,inf
32080,inf
32081,inf
32082,inf
32083,inf
32084,inf
32085,inf
32086,inf
32087,inf
32088,inf
32089,inf
32090,inf
32091,inf
32092,inf
32093,inf
32094,inf
32095,inf
32096,inf
32097,inf
32098,inf
32099,inf
32100,inf
32101,inf
32102,inf
32103,inf
32104,inf
32105,inf
32106,inf
32107,inf
32108,inf
32109,inf
32110,inf
32111,inf
32112,inf
32113,inf
32114,inf
32115,inf
32116,inf
32117,inf
32118,inf
32119,inf
32120,inf
32121,inf
32122,inf
32123,inf
32124,inf
32125,inf
32126,inf
32127,inf
32128,inf
32129,inf
32130,inf
32131,inf
32132,inf
32133,inf
32134,inf
32135,inf
32136,inf
32137,inf
32138,inf
32139,inf
32140,inf
32141,inf
32142,inf
32143,inf
32144,inf
32145,inf
32146,inf
32147,inf
32148,inf
32149,inf
32150,inf
32151,inf
32152,inf
32153,inf
32154,inf
32155,inf
32156,inf
32157,inf
32158,inf
32159,inf
32160,inf
32161,inf
32162,inf
32163,inf
32164,inf
32165,inf
32166,inf
32167,inf
32168,inf
32169,inf
32170,inf
32171,inf
32172,inf
32173,inf
32174,inf
32175,inf
32176,inf
32177,inf
32178,inf
32179,inf
32180,inf
32181,inf
32182,inf
32183,inf
32184,inf
32185,inf
32186,inf
32187,inf
32188,inf
32189,inf
32190,inf
32191,inf
32192,inf
32193,inf
32194,inf
32195,inf
32196,inf
32197,inf
32198,inf
32199,inf
32200,inf
32201,inf
32202,inf
32203,inf
32204,inf
32205,inf
32206,inf
32207,inf
32208,inf
32209,inf
32210,inf
32211,inf
32212,inf
32213,inf
32214,inf
32215,inf
32216,inf
32217,inf
32218,inf
32219,inf
32220,inf
32221,inf
32222,inf
32223,inf
32224,inf
32225,inf
32226,inf
32227,inf
32228,inf
32229,inf
32230,inf
32231,inf
32232,inf
32233,inf
32234,inf
32235,inf
32236,inf
32237,inf
32238,inf
32239,inf
32240,inf
32241,inf
32242,inf
32243,inf
32244,inf
32245,inf
32246,inf
32247,inf
32248,inf
32249,inf
32250,inf
32251,inf
32252,inf
32253,inf
32254,inf
32255,inf
32256,inf
32257,inf
32258,inf
32259,inf
32260,inf
32261,inf
32262,inf
32263,inf
32264,inf
32265,inf
32266,inf
32267,inf
32268,inf
32269,inf
32270,inf
32271,inf
32272,inf
32273,inf
32274,inf
32275,inf
32276,inf
32277,inf
32278,inf
32279,inf
32280,inf
32281,inf
32282,inf
32283,inf
32284,inf
32285,inf
32286,inf
32287,inf
32288,inf
32289,inf
32290,inf
32291,inf
32292,inf
32293,inf
32294,inf
32295,inf
32296,inf
32297,inf
32298,inf
32299,inf
32300,inf
32301,inf
32302,inf
32303,inf
32304,inf
32305,inf
32306,inf
32307,inf
32308,inf
32309,inf
32310,inf
32311,inf
32312,inf
32313,inf
32314,inf
32315,inf
32316,inf
32317,inf
32318,inf
32319,inf
32320,inf
32321,inf
32322,inf
32323,inf
32324,inf
32325,inf
32326,inf
32327,inf
32328,inf
32329,inf
32330,inf
32331,inf
32332,inf
32333,inf
32334,inf
32335,inf
32336,inf
32337,inf
32338,inf
32339,inf
32340,inf
32341,inf
32342,inf
32343,inf
32344,inf
32345,inf
32346,inf
32347,inf
32348,inf
32349,inf
32350,inf
32351,inf
32352,inf
32353,inf
32354,inf
32355,inf
32356,inf
32357,inf
32358,inf
32359,inf
32360,inf
32361,inf
32362,inf
32363,inf
32364,inf
32365,inf
32366,inf
32367,inf
32368,inf
32369,inf
32370,inf
32371,inf
32372,inf
32373,inf
32374,inf
32375,inf
32376,inf
32377,inf
32378,inf
32379,inf
32380,inf
32381,inf
32382,inf
32383,inf
32384,inf
32385,inf
32386,inf
32387,inf
32388,inf
32389,inf
32390,inf
32391,inf
32392,inf
32393,inf
32394,inf
32395,inf
32396,inf
32397,inf
32398,inf
32399,inf
32400,inf
32401,inf
32402,inf
32403,inf
32404,inf
32405,inf
32406,inf
32407,inf
32408,inf
32409,inf
32410,inf
32411,inf
32412,inf
32413,inf
32414,inf
32415,inf
32416,inf
32417,inf
32418,inf
32419,inf
32420,inf
32421,inf
32422,inf
32423,inf
32424,inf
32425,inf
32426,inf
32427,inf
32428,inf
32429,inf
32430,inf
32431,inf
32432,inf
32433,inf
32434,inf
32435,inf
32436,inf
32437,inf
32438,inf
32439,inf
32440,inf
32441,inf
32442,inf
32443,inf
32444,inf
32445,inf
32446,inf
32447,inf
32448,inf
32449,inf
32450,inf
32451,inf
32452,inf
32453,inf
32454,inf
32455,inf
32456,inf
32457,inf
32458,inf
32459,inf
32460,inf
32461,inf
32462,inf
32463,inf
32464,inf
32465,inf
32466,inf
32467,inf
32468,inf
32469,inf
32470,inf
32471,inf
32472,inf
32473,inf
32474,inf
32475,inf
32476,inf
32477,inf
32478,inf
32479,inf
32480,inf
32481,inf
32482,inf
32483,inf
32484,inf
32485,inf
32486,inf
32487,inf
32488,inf
32489,inf
32490,inf
32491,inf
32492,inf
32493,inf
32494,inf
32495,inf
32496,inf
32497,inf
32498,inf
32499,inf
32500,inf
32501,inf
32502,inf
32503,inf
32504,inf
32505,inf
32506,inf
32507,inf
32508,inf
32509,inf
32510,inf
32511,inf
32512,inf
32513,inf
32514,inf
32515,inf
32516,inf
32517,inf
32518,inf
32519,inf
32520,inf
32521,inf
32522,inf
32523,inf
32524,inf
32525,inf
32526,inf
32527,inf
32528,inf
32529,inf
32530,inf
32531,inf
32532,inf
32533,inf
32534,inf
32535,inf
32536,inf
32537,inf
32538,inf
32539,inf
32540,inf
32541,inf
32542,inf
32543,inf
32544,inf
32545,inf
32546,inf
32547,inf
32548,inf
32549,inf
32550,inf
32551,inf
32552,inf
32553,inf
32554,inf
32555,inf
32556,inf
32557,inf
32558,inf
32559,inf
32560,inf
32561,inf
32562,inf
32563,inf
32564,inf
32565,inf
32566,inf
32567,inf
32568,inf
32569,inf
32570,inf
32571,inf
32572,inf
32573,inf
32574,inf
32575,inf
32576,inf
32577,inf
32578,inf
32579,inf
32580,inf
32581,inf
32582,inf
32583,inf
32584,inf
32585,inf
32586,inf
32587,inf
32588,inf
32589,inf
32590,inf
32591,inf
32592,inf
32593,inf
32594,inf
32595,inf
32596,inf
32597,inf
32598,inf
32599,inf
32600,inf
32601,inf
32602,inf
32603,inf
32604,inf
32605,inf
32606,inf
32607,inf
32608,inf
32609,inf
32610,inf
32611,inf
32612,inf
32613,inf
32614,inf
32615,inf
32616,inf
32617,inf
32618,inf
32619,inf
32620,inf
32621,inf
32622,inf
32623,inf
32624,inf
32625,inf
32626,inf
32627,inf
32628,inf
32629,inf
32630,inf
32631,inf
32632,inf
32633,inf
32634,inf
32635,inf
32636,inf
32637,inf
32638,inf
32639,inf
32640,inf
32641,inf
32642,inf
32643,inf
32644,inf
32645,inf
32646,inf
32647,inf
32648,inf
32649,inf
32650,inf
32651,inf
32652,inf
32653,inf
32654,inf
32655,inf
32656,inf
32657,inf
32658,inf
32659,inf
32660,inf
32661,inf
32662,inf
32663,inf
32664,inf
32665,inf
32666,inf
32667,inf
32668,inf
32669,inf
32670,inf
32671,inf
32672,inf
32673,inf
32674,inf
32675,inf
32676,inf
32677,inf
32678,inf
32679,inf
32680,inf
32681,inf
32682,inf
32683,inf
32684,inf
32685,inf
32686,inf
32687,inf
32688,inf
32689,inf
32690,inf
32691,inf
32692,inf
32693,inf
32694,inf
32695,inf
32696,inf
32697,inf
32698,inf
32699,inf
32700,inf
32701,inf
32702,inf
32703,inf
32704,inf
32705,inf
32706,inf
32707,inf
32708,inf
32709,inf
32710,inf
32711,inf
32712,inf
32713,inf
32714,inf
32715,inf
32716,inf
32717,inf
32718,inf
32719,inf
32720,inf
32721,inf
32722,inf
32723,inf
32724,inf
32725,inf
32726,inf
32727,inf
32728,inf
32729,inf
32730,inf
32731,inf
32732,inf
32733,inf
32734,inf
32735,inf
32736,inf
32737,inf
32738,inf
32739,inf
32740,inf
32741,inf
32742,inf
32743,inf
32744,inf
32745,inf
32746,inf
32747,inf
32748,inf
32749,inf
32750,inf
32751,inf
32752,inf
32753,inf
32754,inf
32755,inf
32756,inf
32757,inf
32758,inf
32759,inf
32760,inf
32761,inf
32762,inf
32763,inf
32764,inf
32765,inf
32766,inf
32767,inf
32768,inf
32769,inf
32770,inf
32771,inf
32772,inf
32773,inf
32774,inf
32775,inf
32776,inf
32777,inf
32778,inf
32779,inf
32780,inf
32781,inf
32782,inf
32783,inf
32784,inf
32785,inf
32786,inf
32787,inf
32788,inf
32789,inf
32790,inf
32791,inf
32792,inf
32793,inf
32794,inf
32795,inf
32796,inf
32797,inf
32798,inf
32799,inf
32800,inf
32801,inf
32802,inf
32803,inf
32804,inf
32805,inf
32806,inf
32807,inf
32808,inf
32809,inf
32810,inf
32811,inf
32812,inf
32813,inf
32814,inf
32815,inf
32816,inf
32817,inf
32818,inf
32819,inf
32820,inf
32821,inf
32822,inf
32823,inf
32824,inf
32825,inf
32826,inf
32827,inf
32828,inf
32829,inf
32830,inf
32831,inf
32832,inf
32833,inf
32834,inf
32835,inf
32836,inf
32837,inf
32838,inf
32839,inf
32840,inf
32841,inf
32842,inf
32843,inf
32844,inf
32845,inf
32846,inf
32847,inf
32848,inf
32849,inf
32850,inf
32851,inf
32852,inf
32853,inf
32854,inf
32855,inf
32856,inf
32857,inf
32858,inf
32859,inf
32860,inf
32861,inf
32862,inf
32863,inf
32864,inf
32865,inf
32866,inf
32867,inf
32868,inf
32869,inf
32870,inf
32871,inf
32872,inf
32873,inf
32874,inf
32875,inf
32876,inf
32877,inf
32878,inf
32879,inf
32880,inf
32881,inf
32882,inf
32883,inf
32884,inf
32885,inf
32886,inf
32887,inf
32888,inf
32889,inf
32890,inf
32891,inf
32892,inf
32893,inf
32894,inf
32895,inf
32896,inf
32897,inf
32898,inf
32899,inf
32900,inf
32901,inf
32902,inf
32903,inf
32904,inf
32905,inf
32906,inf
32907,inf
32908,inf
32909,inf
32910,inf
32911,inf
32912,inf
32913,inf
32914,inf
32915,inf
32916,inf
32917,inf
32918,inf
32919,inf
32920,inf
32921,inf
32922,inf
32923,inf
32924,inf
32925,inf
32926,inf
32927,inf
32928,inf
32929,inf
32930,inf
32931,inf
32932,inf
32933,inf
32934,inf
32935,inf
32936,inf
32937,inf
32938,inf
32939,inf
32940,inf
32941,inf
32942,inf
32943,inf
32944,inf
32945,inf
32946,inf
32947,inf
32948,inf
32949,inf
32950,inf
32951,inf
32952,inf
32953,inf
32954,inf
32955,inf
32956,inf
32957,inf
32958,inf
32959,inf
32960,inf
32961,inf
32962,inf
32963,inf
32964,inf
32965,inf
32966,inf
32967,inf
32968,inf
32969,inf
32970,inf
32971,inf
32972,inf
32973,inf
32974,inf
32975,inf
32976,inf
32977,inf
32978,inf
32979,inf
32980,inf
32981,inf
32982,inf
32983,inf
32984,inf
32985,inf
32986,inf
32987,inf
32988,inf
32989,inf
32990,inf
32991,inf
32992,inf
32993,inf
32994,inf
32995,inf
32996,inf
32997,inf
32998,inf
32999,inf
33000,inf
33001,inf
33002,inf
33003,inf
33004,inf
33005,inf
33006,inf
33007,inf
33008,inf
33009,inf
33010,inf
33011,inf
33012,inf
33013,inf
33014,inf
33015,inf
33016,inf
33017,inf
33018,inf
33019,inf
33020,inf
33021,inf
33022,inf
33023,inf
33024,inf
33025,inf
33026,inf
33027,inf
33028,inf
33029,inf
33030,inf
33031,inf
33032,inf
33033,inf
33034,inf
33035,inf
33036,inf
33037,inf
33038,inf
33039,inf
33040,inf
33041,inf
33042,inf
33043,inf
33044,inf
33045,inf
33046,inf
33047,inf
33048,inf
33049,inf
33050,inf
33051,inf
33052,inf
33053,inf
33054,inf
33055,inf
33056,inf
33057,inf
33058,inf
33059,inf
33060,inf
33061,inf
33062,inf
33063,inf
33064,inf
33065,inf
33066,inf
33067,inf
33068,inf
33069,inf
33070,inf
33071,inf
33072,inf
33073,inf
33074,inf
33075,inf
33076,inf
33077,inf
33078,inf
33079,inf
33080,inf
33081,inf
33082,inf
33083,inf
33084,inf
33085,inf
33086,inf
33087,inf
33088,inf
33089,inf
33090,inf
33091,inf
33092,inf
33093,inf
33094,inf
33095,inf
33096,inf
33097,inf
33098,inf
33099,inf
33100,inf
33101,inf
33102,inf
33103,inf
33104,inf
33105,inf
33106,inf
33107,inf
33108,inf
33109,inf
33110,inf
33111,inf
33112,inf
33113,inf
33114,inf
33115,inf
33116,inf
33117,inf
33118,inf
33119,inf
33120,inf
33121,inf
33122,inf
33123,inf
33124,inf
33125,inf
33126,inf
33127,inf
33128,inf
33129,inf
33130,inf
33131,inf
33132,inf
33133,inf
33134,inf
33135,inf
33136,inf
33137,inf
33138,inf
33139,inf
33140,inf
33141,inf
33142,inf
33143,inf
33144,inf
33145,inf
33146,inf
33147,inf
33148,inf
33149,inf
33150,inf
33151,inf
33152,inf
33153,inf
33154,inf
33155,inf
33156,inf
33157,inf
33158,inf
33159,inf
33160,inf
33161,inf
33162,inf
33163,inf
33164,inf
33165,inf
33166,inf
33167,inf
33168,inf
33169,inf
33170,inf
33171,inf
33172,inf
33173,inf
33174,inf
33175,inf
33176,inf
33177,inf
33178,inf
33179,inf
33180,inf
33181,inf
33182,inf
33183,inf
33184,inf
33185,inf
33186,inf
33187,inf
33188,inf
33189,inf
33190,inf
33191,inf
33192,inf
33193,inf
33194,inf
33195,inf
33196,inf
33197,inf
33198,inf
33199,inf
33200,inf
33201,inf
33202,inf
33203,inf
33204,inf
33205,inf
33206,inf
33207,inf
33208,inf
33209,inf
33210,inf
33211,inf
33212,inf
33213,inf
33214,inf
33215,inf
33216,inf
33217,inf
33218,inf
33219,inf
33220,inf
33221,inf
